,date,cluster_0,cluster_1,lagged_cluster_0,lagged_cluster_1,S&P500,NASDAQ,SPY,QQQ,XLK,XLF,XLE,VIX,SP500_ret,NASDAQ_ret,SPY_ret,QQQ_ret,XLK_ret,XLF_ret,XLE_ret,VIX_ret
1,2021-01-05,0.0373974649943353,0.3173286228422274,-0.0655443180813668,0.489640870553518,304.1726379394531,350.6982727050781,33.927574157714844,27.16432762145996,124.57218170166016,3726.860107421875,12818.9599609375,25.34000015258789,0.00824439276897726,0.006887363834899851,0.044784272301682915,0.004470203229526293,0.006489383670362336,0.007082595157549276,0.009490116019786887,-0.06043749359531825
2,2021-01-06,0.1223679727164597,0.2409557534828693,0.0373974649943353,0.3173286228422274,299.9590759277344,352.7949523925781,34.962669372558594,28.363988876342773,122.42389678955078,3748.139892578125,12740.7900390625,25.06999969482422,-0.013852534666702887,0.005978585726492014,0.030508966247690728,0.04416311243187465,-0.0172453021434138,0.005709842747752214,-0.006097992513683037,-0.010655108766291721
3,2021-01-07,0.0601873762623788,0.3489324411558265,0.1223679727164597,0.2409557534828693,307.2157287597656,358.0365905761719,35.47595977783203,28.773176193237305,125.72376251220705,3803.7900390625,13067.48046875,22.3700008392334,0.02419214291011995,0.014857463657135916,0.01468109885443436,0.014426296621340873,0.026954424823846246,0.014847403800101189,0.025641300789502663,-0.10769840001825937
4,2021-01-08,0.0830800550453365,0.3383977625124849,0.0601873762623788,0.3489324411558265,311.16583251953125,360.0765686035156,35.43317794799805,28.75457763671875,126.53662109375,3824.679931640625,13201.98046875,21.559999465942383,0.01285775235438713,0.00569768029591855,-0.0012059386159501972,-0.000646385244147174,0.006465433147246458,0.005491862685268911,0.010292726308001487,-0.03620926879315989
5,2021-01-11,0.1103180374264082,0.458806058354287,0.0979341821465725,0.3826026162886616,306.66949462890625,357.6493835449219,35.989227294921875,28.84757232666016,125.49149322509766,3799.610107421875,13036.4296875,24.07999992370605,-0.014449973039192154,-0.006740747025020588,0.015692900810079458,0.00323408297337191,-0.00825948930529774,-0.006554750898592476,-0.012539844430301206,0.11688314101048247
6,2021-01-12,-0.0427366467058822,0.1435520288797183,0.1103180374264082,0.458806058354287,306.18182373046875,357.72491455078125,37.24676132202149,29.145158767700195,124.89151763916016,3801.18994140625,13072.4296875,23.32999992370605,-0.0015902165261909573,0.00021118729497238142,0.03494195684709944,0.010315822685883935,-0.0047810060309132485,0.0004157884466327033,0.002761492284541589,-0.03114617950067544
7,2021-01-13,-0.005433710872769,0.3120949587434916,-0.0427366467058822,0.1435520288797183,308.24957275390625,358.688232421875,36.95590972900391,29.126558303833008,125.68504333496094,3809.840087890625,13128.9501953125,22.209999084472656,0.006753336949412603,0.0026929012543155384,-0.007808775385945266,-0.0006382008077375767,0.006353719698510396,0.0022756417379066196,0.004323642135673156,-0.048006894251865884
8,2021-01-14,0.0310871634777622,0.35604433225005,-0.005433710872769,0.3120949587434916,306.6012268066406,357.4320983886719,38.0508918762207,29.256759643554688,124.58187103271484,3795.5400390625,13112.6396484375,23.25,-0.005347439519669983,-0.0035020218665152703,0.02962941936069896,0.004470193091936414,-0.008777275903116388,-0.0037534511943366766,-0.001242334431341141,0.046825797316417894
9,2021-01-15,-0.0237270108629662,0.2453824763121295,0.0310871634777622,0.35604433225005,304.1726379394531,354.82550048828125,36.57093811035156,28.773176193237305,123.3044891357422,3768.25,12998.5,24.34000015258789,-0.007921001792726368,-0.00729256804898426,-0.038894062475156144,-0.016528947710171882,-0.010253352966879126,-0.007190027975370938,-0.008704551600417165,0.046881726993027506
10,2021-01-19,-0.0386053379609318,0.3826035588343743,0.061940780176144,0.3026856534016193,308.6103820800781,357.6115417480469,37.30664443969727,28.84757232666016,124.9108657836914,3798.909912109375,13197.1796875,23.239999771118164,0.014589557333912317,0.007851863115620805,0.020117239736255677,0.0025856072657122198,0.01302772234172922,0.008136379515524483,0.015284816517290523,-0.04519311317065755
11,2021-01-21,-0.0576357565745804,0.2535687714328649,-0.0386053379609318,0.3826035588343743,318.3150939941406,362.8909912109375,36.17742919921875,28.419782638549805,129.0332794189453,3853.070068359375,13530.91015625,21.31999969482422,0.03144648552861806,0.014763084650691205,-0.030268475158729324,-0.014829313304641656,0.03300284254207875,0.014256762466875017,0.0252880143070342,-0.08261618309824825
12,2021-01-22,-0.0171966755542499,0.260329075862637,-0.0576357565745804,0.2535687714328649,317.3983154296875,361.60650634765625,35.989227294921875,28.21519660949707,128.539794921875,3841.469970703125,13543.0595703125,21.90999984741211,-0.002880097682298355,-0.0035395887315775587,-0.005202191213214746,-0.007198718992847741,-0.003824474579678494,-0.0030106116552376383,0.0008979007267215788,0.02767355351938039
13,2021-01-25,-0.0009783219710671,0.1974655105896208,0.1581767176054074,0.216794502072998,320.0220031738281,363.03265380859375,35.62138366699219,28.01060104370117,129.61392211914062,3855.360107421875,13635.990234375,23.190000534057617,0.008266230841801114,0.00394392090823259,-0.01022093708529248,-0.007251254301982701,0.00835637864459371,0.0036158389430824833,0.006861866299858299,0.05842084416064908
14,2021-01-26,0.0220643261775005,0.2375901287317384,-0.0009783219710671,0.1974655105896208,320.4902038574219,362.4659423828125,34.86002349853516,27.78740882873535,129.70101928710938,3849.6201171875,13626.0595703125,23.020000457763672,0.0014630265386452734,-0.001561048076077598,-0.021373683166679536,-0.007968133729711835,0.000671973863183295,-0.0014888337468982327,-0.0007282686399603389,-0.007330749132337333
15,2021-01-27,-0.0222072972445202,0.2682162619533061,0.0220643261775005,0.2375901287317384,311.5559387207031,353.607177734375,34.3895263671875,26.969038009643555,127.2527084350586,3750.77001953125,13270.599609375,37.209999084472656,-0.027876874329342605,-0.024440267657151238,-0.013496753132350436,-0.029451138252427067,-0.018876573719371792,-0.025677883699462,-0.026086775791876904,0.6164204319953999
16,2021-01-28,-0.010562120335777,0.2098599774113554,-0.0222072972445202,0.2682162619533061,313.3993530273437,356.6482238769531,34.791595458984375,27.47122383117676,127.7752685546875,3787.3798828125,13337.16015625,30.209999084472656,0.005916800412182566,0.0086000690428929,0.011691614694074648,0.01862082812718935,0.004106475422451128,0.009760625975629766,0.005015639747580014,-0.1881214773509905
17,2021-01-29,0.0649772594947125,0.309319337505303,-0.010562120335777,0.2098599774113554,306.80596923828125,349.5083312988281,33.63671875,26.922542572021484,124.76571655273438,3714.239990234375,13070.6904296875,33.09000015258789,-0.021038281430297623,-0.020019425585554917,-0.0331941290345783,-0.01997294560035523,-0.02355347819648712,-0.019311475173124593,-0.019979495142946724,0.0953327095463401
18,2021-02-01,0.0036078704485497,0.3288313531602869,0.1144400207200226,0.2242360618627247,314.4722595214844,355.3260498046875,33.876243591308594,27.275928497314453,127.89141082763672,3773.860107421875,13403.3896484375,30.239999771118164,0.024987422188155417,0.016645435844804712,0.007120933616885372,0.013126023455905411,0.02505250930516012,0.016051767614439383,0.025453836623223758,-0.08612875093162653
19,2021-02-02,0.0943981608787828,0.3038515991828653,0.0036078704485497,0.3288313531602869,319.6026306152344,360.3504028320313,34.24409484863281,27.936203002929688,129.6236114501953,3826.31005859375,13612.7802734375,25.559999465942383,0.016314224668199984,0.014140120123772304,0.010858679072038413,0.02420722380469087,0.013544307716591986,0.013898223484416938,0.015622214267598356,-0.15476191602506528
20,2021-02-03,0.058587784069033,0.3211782999854104,0.0943981608787828,0.3038515991828653,318.3346862792969,360.6337890625,35.70692825317383,28.09429931640625,129.17845153808594,3830.169921875,13610.5400390625,22.90999984741211,-0.003967252501948182,0.0007864185199781826,0.04271782948292535,0.005659191174261613,-0.003434250188904975,0.0010087690809532646,-0.0001645684665440017,-0.1036776085250426
21,2021-02-04,0.0416153835378612,0.3336258618496496,0.058587784069033,0.3211782999854104,322.0994873046875,364.732666015625,36.10044479370117,28.71737098693848,131.23963928222656,3871.739990234375,13777.740234375,21.770000457763672,0.011826549815836085,0.01136575960832853,0.01102073350407462,0.022177868311112237,0.01595612673475122,0.010853322230420792,0.012284611399153267,-0.049759903851645415
22,2021-02-05,0.0154708853617711,0.2706807550929999,0.0416153835378612,0.3336258618496496,323.1918640136719,366.168212890625,36.40840148925781,28.72667121887207,130.9492950439453,3886.830078125,13856.2998046875,20.8700008392334,0.003391426413389631,0.003935887867357879,0.008530551280364618,0.00032385387707734026,-0.0022123212153675187,0.003897495164625342,0.005701919834175451,-0.0413412769685686
23,2021-02-08,0.0532271712788807,0.2657517347462488,0.0480597633594522,0.3346942739080429,325.3570861816406,368.81256103515625,37.93113327026367,29.09866142272949,132.32347106933594,3915.590087890625,13987.6396484375,21.239999771118164,0.006699494662641525,0.007221675862183918,0.0418236373671923,0.012949297223586287,0.010493955121556597,0.007399348360373592,0.009478709727799739,0.017728745424351322
24,2021-02-09,0.0703124752211725,0.3439665593898604,0.0532271712788807,0.2657517347462488,325.2889404296875,368.5670776367188,37.529056549072266,29.10795783996582,132.16864013671875,3911.22998046875,14007.7001953125,21.6299991607666,-0.00020944910944731276,-0.0006656047661404152,-0.010600176860695476,0.0003194792056335771,-0.001170094249840714,-0.0011135249921484514,0.0014341624018918697,0.01836155338281853
25,2021-02-10,0.0069176541660501,0.2994868093391474,0.0703124752211725,0.3439665593898604,324.547607421875,368.406494140625,38.247650146484375,29.10795783996582,131.97511291503906,3909.8798828125,13972.5302734375,21.989999771118164,-0.00227899850155755,-0.00043569679940891337,0.019147659533420125,0.0,-0.0014642446307951973,-0.00034518493235935477,-0.00251075632577924,0.016643579487721327
26,2021-02-11,0.0136165477580578,0.2797537722094056,0.0069176541660501,0.2994868093391474,326.3324890136719,369.00146484375,37.65738677978516,29.014968872070312,133.42665100097656,3916.3798828125,14025.76953125,21.25,0.005499598675138939,0.0016149842974753081,-0.015432670097079604,-0.003194623559878651,0.01099857430599016,0.0016624551635393559,0.003810280369455299,-0.033651649787194926
27,2021-02-12,0.0652420536048887,0.2634735241176602,0.0136165477580578,0.2797537722094056,328.1563720703125,370.82421875,38.21342849731445,29.31255531311035,134.1137237548828,3934.830078125,14095.4697265625,19.96999931335449,0.005589033020136247,0.00493969287363627,0.014765807324362168,0.01025630743745154,0.0051494416501634,0.0047110331133788375,0.004969438229909917,-0.06023532643037699
28,2021-02-16,-0.0065871753842342,0.2983693350904617,0.0028592621302898,0.3432841423833536,327.26885986328125,370.5031433105469,39.17154693603516,29.81473731994629,133.67823791503906,3932.590087890625,14047.5,21.459999084472656,-0.002704540525701238,-0.0008658426910072015,0.025072820639164606,0.017131976433707008,-0.0032471385302795808,-0.0005692724183511411,-0.0034032017018987837,0.07461190898097647
29,2021-02-17,0.003139723825139,0.1711422653096675,-0.0065871753842342,0.2983693350904617,325.6985168457031,370.5881652832031,39.75326156616211,29.963533401489254,132.4976348876953,3931.330078125,13965.490234375,21.5,-0.004798327033724292,0.0002294770616426689,0.014850438025254764,0.004990688998739445,-0.008831677060959553,-0.0003204020092266724,-0.005838032790532077,0.0018639756399749796
30,2021-02-18,-0.0087643433915097,0.2933578917835061,0.003139723825139,0.1711422653096675,324.2745666503906,369.0109252929688,38.85502243041992,29.786840438842773,131.84930419921875,3913.969970703125,13865.3603515625,22.489999771118164,-0.0043719885773599865,-0.004256045222137628,-0.02259535696831394,-0.005896933458378384,-0.004893149142066511,-0.004415835627354592,-0.007169807943156803,0.04604650098224017
31,2021-02-19,0.0201878071390885,0.3602035428978332,-0.0087643433915097,0.2933578917835061,322.8602600097656,368.3592834472656,39.50518035888672,30.14022827148437,131.65574645996094,3906.7099609375,13874.4599609375,22.049999237060547,-0.004361447939732477,-0.0017659147766040384,0.016732918624125848,0.011863891149085148,-0.0014680224551306686,-0.0018548966445751658,0.0006562836554027118,-0.019564274723678277
32,2021-02-22,0.0291559224289515,0.2801933003564949,0.0712936533159925,0.2917620611416091,314.4917907714844,365.5259399414063,40.8739128112793,30.419214248657227,128.75267028808594,3876.5,13533.0498046875,23.450000762939453,-0.025919787210814116,-0.007691793401658487,0.03464691060661562,0.009256266231958188,-0.022050508617623366,-0.0077328394581538396,-0.024607095138204582,0.0634921348897759
33,2021-02-23,0.0966712080729259,0.235686468339409,0.0291559224289515,0.2801933003564949,313.5555114746094,365.9698181152344,41.54972839355469,30.605209350585938,128.39459228515625,3881.3701171875,13465.2001953125,23.11000061035156,-0.002977118399746459,0.0012143547839564839,0.016534154324684414,0.006114395342638357,-0.002781130691336231,0.0012563181187927874,-0.0050136229714826674,-0.014498939937146349
34,2021-02-24,0.0531303216463062,0.2945255209524964,0.0966712080729259,0.235686468339409,316.14013671875,370.0025939941406,43.021121978759766,31.200387954711918,130.35906982421875,3925.429931640625,13597.9697265625,21.34000015258789,0.008242959060057675,0.011019422037793491,0.03541283281729757,0.019446970524140017,0.01530031369778806,0.01135161376597904,0.009860197347546285,-0.0765902384689181
35,2021-02-25,0.0491732043832127,0.2427240524745165,0.0531303216463062,0.2945255209524964,305.1186828613281,361.0870971679688,42.19132232666016,30.63311004638672,125.80117797851562,3829.340087890625,13119.4296875,28.88999938964844,-0.034862558015615,-0.02409576843753969,-0.01928819179818897,-0.018181758161104122,-0.034964132927990055,-0.02447880752512621,-0.03519202121238085,0.3537956505658677
36,2021-02-26,0.0513059182073982,0.2395363841798854,0.0491732043832127,0.2427240524745165,306.3964233398437,359.2265014648437,41.19043731689453,30.04723358154297,126.46887969970705,3811.14990234375,13192.349609375,27.950000762939453,0.004187683515585627,-0.005152761529608529,-0.023722532373278704,-0.019125595277677543,0.005307595142753252,-0.004750214169902844,0.005558162482053319,-0.03253716325953948
37,2021-03-01,0.0847683992856216,0.3410298452866025,0.0781882571978984,0.2509356820790551,315.61346435546875,367.9342346191406,42.259761810302734,30.98649406433105,130.54290771484375,3901.820068359375,13588.830078125,23.350000381469727,0.030082077705593457,0.024240230380522476,0.025960503530988444,0.03125946620806519,0.03221367995676294,0.023790763506800205,0.030053817590480314,-0.1645796155959014
38,2021-03-02,-0.0063053808495305,0.2834269050758256,0.0847683992856216,0.3410298452866025,310.55133056640625,365.063232421875,42.02878952026367,30.87489891052246,128.47201538085938,3870.2900390625,13358.7900390625,24.100000381469727,-0.01603902989183348,-0.007803030887401641,-0.0054655369586762426,-0.0036014127179702093,-0.015863690875554948,-0.008080851690870694,-0.016928612525136666,0.03211991382215107
39,2021-03-03,0.050768723432666,0.2980318897800917,-0.0063053808495305,0.2834269050758256,301.5390930175781,360.2276916503906,42.644718170166016,31.11669158935547,125.23990631103516,3819.719970703125,12997.75,26.670000076293945,-0.02902012215626626,-0.0132457622187937,0.014654922421817096,0.007831367465647165,-0.025158078669837436,-0.01306622187199813,-0.027026402691170515,0.10663898979853403
40,2021-03-04,0.0265226155545696,0.258657897989608,0.050768723432666,0.2980318897800917,296.6038818359375,355.7699279785156,43.66271209716797,30.763307571411133,122.47227478027344,3768.469970703125,12723.4697265625,28.56999969482422,-0.01636673750077544,-0.012374850060670406,0.023871512597171574,-0.011356734919249045,-0.022098639421593513,-0.013417213930100202,-0.02110213486468815,0.0712410803560184
41,2021-03-05,0.03805925781074,0.2461145818741719,0.0265226155545696,0.258657897989608,301.07098388671875,362.31488037109375,45.296653747558594,31.349180221557617,124.78507995605467,3841.93994140625,12920.150390625,24.65999984741211,0.015060834750814767,0.01839658688907897,0.03742190010447399,0.019044527276089962,0.018884316306940763,0.01949596819778221,0.0154580997392475,-0.1368568389631607
42,2021-03-08,0.0760908952012646,0.3043871656340428,-0.0342604404417829,0.341308601764055,292.54638671875,360.5109558105469,45.38218688964844,31.74906349182129,121.76585388183594,3821.35009765625,12609.16015625,25.46999931335449,-0.028314243564488528,-0.004978886207210764,0.001888288317422493,0.012755780771220637,-0.024195409221054454,-0.005359231030161227,-0.02407017139681733,0.03284669387487371
43,2021-03-09,0.0764633394442579,0.2220408956724431,0.0760908952012646,0.3043871656340428,304.0848083496094,365.65814208984375,44.58662033081055,31.46078109741211,125.9076156616211,3875.43994140625,13073.8203125,24.030000686645508,0.03944134043245673,0.01427747533420809,-0.017530370688666808,-0.009080028281257535,0.03401414803697267,0.01415464230382213,0.03685099962979543,-0.05653705007969734
44,2021-03-10,0.1204616046443787,0.2655585287069764,0.0764633394442579,0.2220408956724431,303.2167663574219,367.9342346191406,45.715816497802734,32.10245132446289,125.4044189453125,3898.81005859375,13068.830078125,22.559999465942383,-0.0028546049271540586,0.006224646103292875,0.02532589728968282,0.020395877173677857,-0.003996555042873218,0.006030313342701321,-0.00038169672335397475,-0.06117358213477153
45,2021-03-11,0.0023187691241759,0.2785109266165944,0.1204616046443787,0.2655585287069764,310.20025634765625,371.6647644042969,45.73292922973633,32.009456634521484,128.0849609375,3939.340087890625,13398.669921875,21.90999984741211,0.023031345113688317,0.010139121163916132,0.0003743284763253474,-0.002896809623710639,0.0213751797164059,0.010395487004435822,0.025238666489519668,-0.028812040510530323
46,2021-03-12,-0.0097141801298092,0.2866935577928387,0.0023187691241759,0.2785109266165944,307.6838073730469,372.1653442382813,45.827030181884766,32.33494567871094,127.16563415527344,3943.340087890625,13319.8603515625,20.690000534057617,-0.008112336863413394,0.001346858464742473,0.002057619175796166,0.010168527629376367,-0.00717747638362598,0.0010153984958789497,-0.005881895051674801,-0.05568230588091916
47,2021-03-15,0.0650498346431043,0.3470173526071526,0.0836027868748367,0.3538285847817534,310.9707946777344,374.3847961425781,45.30519485473633,32.14896011352539,128.52040100097656,3968.93994140625,13459.7099609375,20.030000686645508,0.010683003869300878,0.005963617888278705,-0.0113870640335475,-0.005751844058547451,0.010653561040311565,0.006491921301497117,0.010499329999251517,-0.0318994601438356
48,2021-03-16,0.0303547168140011,0.3361042810132847,0.0650498346431043,0.3470173526071526,312.6776123046875,373.91253662109375,44.013450622558594,31.81416320800781,129.4881591796875,3962.7099609375,13471.5703125,19.790000915527344,0.005488675001528387,-0.0012614281518646964,-0.028512055545053983,-0.010413926432933929,0.007529996569988873,-0.0015696837343783798,0.0008811743787140447,-0.011982015121855594
49,2021-03-17,0.0924240000286202,0.2699776858700355,0.0303547168140011,0.3361042810132847,313.9650573730469,375.1876220703125,44.35564041137695,32.02804946899414,129.3816375732422,3974.1201171875,13525.2001953125,19.229999542236328,0.004117484008112626,0.003410116870488533,0.007774663971539919,0.006722988738943059,-0.0008226358851660676,0.00287938213053085,0.003980967442432259,-0.028297187841544558
50,2021-03-18,0.0299533129482677,0.29547253577881,0.0924240000286202,0.2699776858700355,304.34814453125,369.7286987304688,42.3624153137207,32.195457458496094,125.79150390625,3915.4599609375,13116.169921875,21.57999992370605,-0.03063051959431984,-0.014549849245348079,-0.04493735360756956,0.005226918038328199,-0.027748401815982815,-0.014760539319459198,-0.030242086440928184,0.12220491094179375
51,2021-03-19,0.0946108450008958,0.2991309347332207,0.0299533129482677,0.29547253577881,305.4209899902344,369.0445251464844,42.370975494384766,31.82345962524414,125.41410064697266,3913.10009765625,13215.240234375,20.950000762939453,0.0035250599626186485,-0.0018504746489349522,0.00020207017472140265,-0.011554357745390154,-0.003000228533388216,-0.0006027039747036333,0.0075532959004116496,-0.02919365908220095
52,2021-03-22,-0.0812467256428261,0.2301163518632895,-0.0129171365951252,0.2255149331826973,311.1486511230469,371.9913330078125,41.964637756347656,31.41339874267578,127.88011169433594,3940.590087890625,13377.5400390625,18.8799991607666,0.018753331697980657,0.007984965662770405,-0.009590001959972838,-0.012885490370854513,0.019662948860151186,0.007025118077311765,0.012281260257784199,-0.09880675545533557
53,2021-03-23,0.0108460690875456,0.2179025787154682,-0.0812467256428261,0.2301163518632895,309.7911682128906,369.0635070800781,41.35081481933594,30.97438240051269,127.0849838256836,3910.52001953125,13227.7001953125,20.299999237060547,-0.004362811489802776,-0.007870683179795668,-0.014627147279946962,-0.013975448685425995,-0.006217760198340194,-0.007630854183940605,-0.011200851824211822,0.07521187179100952
54,2021-03-24,0.0457905579184443,0.2391548145896152,0.0108460690875456,0.2179025787154682,304.5664978027344,367.1874694824219,42.38825225830078,31.086471557617188,125.54309844970705,3889.139892578125,12961.8896484375,21.200000762939453,-0.016865136731612163,-0.005083237875505242,0.025088681891698217,0.0036187697192839874,-0.012132710958923987,-0.00546733601831495,-0.02009499330572939,0.04433505220216083
55,2021-03-25,0.0507785631006153,0.2598965901753849,0.0457905579184443,0.2391548145896152,304.03912353515625,369.2530822753906,42.54388046264648,31.609560012817383,125.46548461914062,3909.52001953125,12977.6796875,19.809999465942383,-0.001731557053657573,0.005625499137757561,0.0036714937760902178,0.016826884139316878,-0.0006182245900001604,0.005240265846959469,0.0012181895920093666,-0.06556609655538248
56,2021-03-26,0.0074339927317019,0.2207949888375305,0.0507785631006153,0.2598965901753849,308.5997619628906,375.20355224609375,43.59860610961914,32.10463333129883,128.65594482421875,3974.5400390625,13138.73046875,18.86000061035156,0.015000169631810722,0.01611488232958136,0.02479147730538389,0.01566213886813661,0.025428987221170818,0.016631202604519668,0.012409828654125432,-0.04795552151447935
57,2021-03-29,-0.0001452004151456,0.2878310275401466,0.1019184123372035,0.2725617805013697,308.51190185546875,375.0140380859375,43.079891204833984,31.82440185546875,127.98682403564452,3971.090087890625,13059.650390625,20.739999771118164,-0.00028470568759686454,-0.0005050969241142678,-0.011897511206687694,-0.0087286926138751,-0.005200854025738555,-0.0008680126852336212,-0.0060188523018330775,0.09968181865989667
58,2021-03-30,-0.0504059284778108,0.2545538908989938,-0.0001452004151456,0.2878310275401466,306.9591064453125,374.0191345214844,42.70814514160156,32.048580169677734,126.77465057373048,3958.550048828125,13045.3896484375,19.61000061035156,-0.00503317830144423,-0.002652976857962619,-0.008629224745830055,0.007044227106831169,-0.009471080097873563,-0.0031578329337678124,-0.0010919696746045648,-0.05448404885424374
59,2021-03-31,0.0176421126009254,0.2660188982914878,-0.0504059284778108,0.2545538908989938,311.6565246582031,375.53515625,42.41419219970703,31.80571556091309,128.7917022705078,3972.889892578125,13246.8701171875,19.399999618530277,0.015303074951215079,0.004053326657886602,-0.006882830919486493,-0.007578014610283068,0.01591052854532804,0.0036224990395776757,0.015444572694241598,-0.010708872273590297
60,2021-04-01,-0.0123073098789409,0.2660042250336302,0.0176421126009254,0.2660188982914878,316.9690856933594,379.5906372070313,43.494873046875,32.198036193847656,131.3809356689453,4019.8701171875,13480.1103515625,17.329999923706055,0.017046205084211286,0.01079920452063221,0.025479227379354263,0.012334909811515082,0.020104038946540115,0.011825201774944727,0.017607195685596322,-0.1067010172952283
61,2021-04-05,0.0271325040086977,0.3069376257092263,0.0559012985862482,0.3875500146344255,323.2973327636719,385.0389099121094,42.45742034912109,32.45024490356445,134.09620666503906,4077.909912109375,13705.58984375,17.90999984741211,0.019964871515686378,0.014353021837328894,-0.023852298560242624,0.007833046344764005,0.020667161352357244,0.014438226417743616,0.016726828364677537,0.033467970355421706
62,2021-04-06,0.0493811265150604,0.3067790839918301,0.0271325040086977,0.3069376257092263,323.07275390625,384.8115234375,42.34503173828125,32.384857177734375,133.52406311035156,4073.93994140625,13698.3798828125,18.1200008392334,-0.000694651129664714,-0.0005905545355436859,-0.0026470899530796066,-0.0020150148642760213,-0.00426666472465298,-0.0009735307519511682,-0.0005260598791950732,0.011725348610297948
63,2021-04-07,0.0442866647027794,0.3346431660247608,0.0493811265150604,0.3067790839918301,323.85400390625,385.2568054199219,42.49200439453125,32.543643951416016,134.23194885253906,4079.949951171875,13688.83984375,17.15999984741211,0.002418185967569153,0.0011571430565389118,0.0034708358977832976,0.004903117923608091,0.005301559327193894,0.001475232784985625,-0.0006964355744338846,-0.05298018473281174
64,2021-04-08,0.1044145095609828,0.2829403983449019,0.0442866647027794,0.3346431660247608,327.2330017089844,387.0856018066406,41.93870544433594,32.5529899597168,136.17147827148438,4097.169921875,13829.3095703125,16.950000762939453,0.010433707046933804,0.004746954138098669,-0.013021248540267094,0.0002871838296514273,0.01444908932281086,0.0042206328286402695,0.010261623933502051,-0.012237708994171426
65,2021-04-09,-0.0863698235362433,0.3215097194586265,0.1044145095609828,0.2829403983449019,329.2154235839844,389.8997497558594,41.662052154541016,32.833221435546875,137.48060607910156,4128.7998046875,13900.1904296875,16.690000534057617,0.006058135532317266,0.007270092031541164,-0.0065966101448247105,0.008608471178126909,0.00961381799063088,0.007719934348738189,0.005125408395453057,-0.015339245851263672
66,2021-04-12,0.1067408951798262,0.222295627172491,0.063792286934742,0.3269345202833496,328.7857971191406,390.04193115234375,41.333526611328125,32.97332763671875,136.82118225097656,4127.990234375,13850.0,16.90999984741211,-0.00130500102384834,0.0003646614202070797,-0.007885486341245529,0.004267208487199747,-0.004796486187626958,-0.00019607884876882142,-0.0036107728121699267,0.01318150427290643
67,2021-04-13,0.0804406762013776,0.3608310975002964,0.1067408951798262,0.222295627172491,332.6236572265625,391.1978759765625,41.37675476074219,32.66508865356445,138.1109619140625,4141.58984375,13996.099609375,16.649999618530273,0.011672828148447056,0.0029636424494248192,0.0010458374341137944,-0.009348130905994623,0.009426754263240023,0.0032944868090414303,0.010548708258122819,-0.015375531119335095
68,2021-04-14,0.0362039867155142,0.358006727890419,0.0804406762013776,0.3608310975002964,328.62945556640625,389.8619384765625,42.526588439941406,32.86123275756836,136.64663696289062,4124.66015625,13857.83984375,16.989999771118164,-0.012008170715998245,-0.003414991701233161,0.02778936351698058,0.006004701413308444,-0.010602525178870503,-0.004087726727828533,-0.009878449674107004,0.020420430052712657
69,2021-04-15,0.0655151013960429,0.3211381226359077,0.0362039867155142,0.358006727890419,333.6100158691406,394.0499877929688,42.18077087402344,32.833221435546875,138.99339294433594,4170.419921875,14038.759765625,16.56999969482422,0.01515555047903483,0.010742390839104887,-0.008131796567842575,-0.0008524123920772286,0.01717390221672721,0.01109419052516647,0.013055420174782562,-0.024720428602236777
70,2021-04-16,-0.0043186708229513,0.3378361803271295,0.0655151013960429,0.3211381226359077,334.00067138671875,395.3670654296875,41.84360122680664,33.06674575805664,138.9643096923828,4185.47021484375,14052.33984375,16.25,0.0011709945714919456,0.003342412580940479,-0.007993444411525386,0.00711244015358603,-0.00020924197429139646,0.0036088195555097347,0.0009673274813244426,-0.019311991594313294
71,2021-04-19,0.0689801589238794,0.3662477826143715,0.0221849592575413,0.3898260501768307,330.94403076171875,393.424560546875,41.80036926269531,32.97332763671875,137.81033325195312,4163.259765625,13914.76953125,17.290000915527344,-0.009151600241728008,-0.004913168173735882,-0.0010331798134916026,-0.0028251380411430382,-0.008304120986058816,-0.005306560094486046,-0.009789850945085554,0.06400005634014416
72,2021-04-20,0.0027264683453814,0.3188424598407137,0.0689801589238794,0.3662477826143715,328.5318603515625,390.5441284179688,40.69377136230469,32.35682678222656,136.5884552001953,4134.93994140625,13786.26953125,18.68000030517578,-0.007288756363437843,-0.0073214344445152735,-0.026473400113673273,-0.018696955954353167,-0.008866374697199975,-0.006802319771775922,-0.009234791831184364,0.08039325136184017
73,2021-04-21,0.1003324477466464,0.3335784413726261,0.0027264683453814,0.3188424598407137,331.3443908691406,394.2394714355469,41.21248626708984,32.80519104003906,137.96546936035156,4173.419921875,13950.2197265625,17.5,0.008560906435584048,0.009462037062360373,0.012746788695668698,0.013856867387836092,0.010081482788116825,0.009306055472153574,0.01189228129776998,-0.06316918018726325
74,2021-04-22,0.0763894624047605,0.3046953288818542,0.1003324477466464,0.3335784413726261,327.35015869140625,390.6388244628906,40.72835540771485,32.44089889526367,136.3460235595703,4134.97998046875,13818.41015625,18.709999084472656,-0.01205462439625793,-0.00913314681441002,-0.011747188855276258,-0.011104710359124859,-0.011738051617476986,-0.009210657476561801,-0.00944856589330434,0.06914280482700885
75,2021-04-26,0.1882636166738253,0.3254272703285206,0.0511377299162103,0.3925436051837271,333.62957763671875,395.6986389160156,41.37675476074219,33.178829193115234,139.09039306640625,4187.6201171875,14138.7802734375,17.639999389648438,0.01918257492348463,0.012952666597033646,0.01592009661417637,0.022746912785431395,0.020127976124194813,0.012730445363070997,0.02318429642520048,-0.057188655648423126
76,2021-04-27,-0.2005419800037357,0.3461334584779763,0.1882636166738253,0.3254272703285206,332.1842041015625,395.6133728027344,41.8781852722168,33.440372467041016,138.7509765625,4186.72021484375,14090.2197265625,17.559999465942383,-0.0043322703742114665,-0.00021548245279501277,0.012118652474658598,0.007882836142393268,-0.002440258427799602,-0.00021489588801437698,-0.0034345640809080313,-0.004535143224154603
77,2021-04-28,0.0379947309070276,0.3877474758026087,-0.2005419800037357,0.3461334584779763,331.0611267089844,395.4996643066406,43.32195663452149,33.571136474609375,137.46121215820312,4183.18017578125,14051.0302734375,17.280000686645508,-0.0033808874073818496,-0.0002874232872569493,0.03447549966455998,0.0039103633698232,-0.009295533885600449,-0.0008455399168898481,-0.002781323065609853,-0.015945261264952326
78,2021-04-29,0.015371678897812,0.3452536758481246,0.0379947309070276,0.3877474758026087,332.25262451171875,398.0201110839844,43.80609893798828,34.16896057128906,137.34481811523438,4211.47021484375,14082.5498046875,17.610000610351562,0.00359902660447875,0.006372816477006049,0.011175448688783396,0.017807681224370597,-0.000846740990722461,0.006762806734045723,0.0022432185139893424,0.019097217048208215
79,2021-04-30,0.0294648444242463,0.4024220827883412,0.015371678897812,0.3452536758481246,330.0748291015625,395.4048767089844,42.69950485229492,33.870059967041016,135.4732208251953,4181.169921875,13962.6796875,18.61000061035156,-0.006554637193180168,-0.0065706086254726515,-0.02526118765471108,-0.00874772305772753,-0.013626996021566473,-0.007194706699326425,-0.008511961175354799,0.05678591512439657
80,2021-05-03,0.0219815826193188,0.3151012466615387,0.2220854521558631,0.1057888180125929,328.3170166015625,396.25775146484375,43.87525939941406,34.038185119628906,135.09503173828125,4192.66015625,13895.1201171875,18.309999465942383,-0.005325496963172305,0.002156965697939661,0.027535554596857414,0.004963828016587346,-0.0027916150853315447,0.002748090747253684,-0.00483858197885767,-0.016120426360561435
81,2021-05-04,0.0184604214611904,0.2722625983117974,0.0219815826193188,0.3151012466615387,322.4085998535156,393.8131103515625,43.90119934082031,34.309078216552734,132.67066955566406,4164.66015625,13633.5,19.479999542236328,-0.017996072238976257,-0.006169320610749374,0.0005912202403206557,0.007958505894828383,-0.01794560578152049,-0.006678337608227225,-0.018828201194453165,0.06389951449590203
82,2021-05-05,0.0803384759184355,0.3169289741549345,0.0184604214611904,0.2722625983117974,321.3246459960937,393.9363098144531,45.31904220581055,34.58930969238281,132.35067749023438,4167.58984375,13582.419921875,19.149999618530277,-0.003362050075321865,0.000312837383145137,0.03229622165861623,0.008167852078721172,-0.002411927719226825,0.0007034637617677753,-0.0037466591942640903,-0.016940448226939075
83,2021-05-06,0.1611895556933652,0.3929736463911008,0.0803384759184355,0.3169289741549345,323.74658203125,397.08209228515625,45.55247116088867,35.103057861328125,133.6792449951172,4201.6201171875,13632.83984375,18.38999938964844,0.007537349111981229,0.007985510328267997,0.005150791890482509,0.014852802022193856,0.01003823728050679,0.008165456466051824,0.0037121457122524237,-0.03968669681572368
84,2021-05-07,0.055080105848815,0.3777652615085042,0.1611895556933652,0.3929736463911008,326.37359619140625,399.9720458984375,46.36513900756836,35.28986740112305,134.82350158691406,4232.60009765625,13752.240234375,16.690000534057617,0.00811441511960953,0.007277975183040741,0.017840258189492975,0.005321745488182206,0.008559717642321107,0.007373341616968343,0.008758291888812941,-0.0924414851556622
85,2021-05-10,0.0999643720338549,0.2839937377268573,0.0445949495783544,0.2487152835268206,318.1312255859375,396.0113525390625,46.38241958618164,35.26184844970703,131.41969299316406,4188.43017578125,13401.8603515625,19.65999984741211,-0.025254403853903984,-0.009902425431953077,0.0003727062828489114,-0.0007939659023803447,-0.02524640402960998,-0.010435647322188157,-0.02547802225972562,0.1779508219483823
86,2021-05-11,0.0964376063949613,0.260716569033365,0.0999643720338549,0.2839937377268573,317.6917724609375,392.47698974609375,45.189361572265625,34.63600158691406,131.02210998535156,4152.10009765625,13389.4296875,21.84000015258789,-0.0013813580361079492,-0.008924902708742688,-0.025722203036416258,-0.017748555175307823,-0.003025292471450114,-0.00867391280271812,-0.0009275327257869392,0.11088506216152072
87,2021-05-12,0.0146532597952027,0.4217724269436651,0.0964376063949613,0.260716569033365,309.468994140625,384.1387634277344,45.40549087524414,34.28105545043945,127.33708953857422,4063.0400390625,13031.6796875,27.59000015258789,-0.025882880933983166,-0.021245134202016902,0.0047827474312265306,-0.010247895837050436,-0.028125180148520945,-0.021449400664502738,-0.026718837795905892,0.26327838643896095
88,2021-05-13,-0.0101641178071076,0.3150537691381623,0.0146532597952027,0.4217724269436651,311.861572265625,388.7532653808594,44.852195739746094,34.8321647644043,129.0244598388672,4112.5,13124.990234375,23.1299991607666,0.007731236958468335,0.012012591262462013,-0.012185643736751461,0.01607620613553129,0.013251208319645214,0.012173141406923493,0.007160285482193274,-0.1616528077982975
89,2021-05-14,-0.0440847632762912,0.2958091801319465,-0.0101641178071076,0.3150537691381623,318.7464599609375,394.72271728515625,46.24409866333008,35.38328170776367,131.86581420898438,4173.85009765625,13429.98046875,18.809999465942383,0.02207674272047977,0.015355374310357606,0.03103310552866745,0.015822069833643315,0.02202182728504054,0.014917956876899785,0.023237368480184983,-0.18677042159827906
90,2021-05-17,0.0547781551359269,0.3380288289648494,0.039230933095323,0.3403399767253787,316.8128356933594,393.7182922363281,47.31612014770508,35.448673248291016,130.89605712890625,4163.2900390625,13379.0498046875,19.71999931335449,-0.006066339584806957,-0.0025446345113765423,0.023181800821324483,0.0018480914536820325,-0.007354120443538337,-0.0025300521932207776,-0.0037923111043243196,0.04837851532424353
91,2021-05-18,0.0280195309326206,0.2925046374843867,0.0547781551359269,0.3380288289648494,314.67413330078125,390.32611083984375,46.21816253662109,34.95359420776367,129.84872436523438,4127.830078125,13303.6396484375,21.34000015258789,-0.0067506810066501055,-0.008615757670837998,-0.023204726162173395,-0.01396608096048313,-0.008001255245148164,-0.008517292959364653,-0.005636435871819501,0.08215014683780075
92,2021-05-19,0.0939493482991191,0.2758396853792123,0.0280195309326206,0.2925046374843867,315.035400390625,389.3028564453125,45.06832885742188,34.7387580871582,130.3045196533203,4115.68017578125,13299.740234375,22.18000030517578,0.0011480673230246374,-0.0026215371355238215,-0.02487839446858431,-0.00614632416135763,0.0035102022781825504,-0.002943411456817757,-0.0002931088157486217,0.0393627060253805
93,2021-05-20,0.0450911083006086,0.3338490364936434,0.0939493482991191,0.2758396853792123,321.1293029785156,393.4909362792969,44.99916458129883,34.75743865966797,132.79673767089844,4159.1201171875,13535.740234375,20.670000076293945,0.019343548630834873,0.010757896492785468,-0.0015346536664774257,0.0005377443967022888,0.01912610571151907,0.010554741756143349,0.017744707478573485,-0.06807936014903804
94,2021-05-21,0.0697007977692281,0.2981481945919356,0.0450911083006086,0.3338490364936434,319.3519897460937,393.1687316894531,45.09426498413086,35.103057861328125,132.06939697265625,4155.85986328125,13470.990234375,20.149999618530277,-0.005534571949483036,-0.0008188361157448476,0.0021133815197882377,0.00994374772676232,-0.005477097638081352,-0.0007838806801412357,-0.004783631990481263,-0.025157254757828817
95,2021-05-24,0.138470736184531,0.2842127378401731,0.0914261215414016,0.265235422550652,324.72320556640625,397.17681884765625,45.54381942749024,35.27118682861328,134.4162139892578,4197.0498046875,13661.169921875,18.399999618530277,0.01681910867248093,0.01019431820272243,0.009969215453840663,0.004789581806500687,0.017769574711448577,0.009911292190138532,0.014117721428874797,-0.08684863687990696
96,2021-05-25,0.0067968557925458,0.232799283739667,0.138470736184531,0.2842127378401731,325.1723937988281,396.2955932617188,44.618770599365234,34.91623306274414,134.4550323486328,4188.1298828125,13657.169921875,18.84000015258789,0.0013832957568842286,-0.0022187236115496223,-0.0203111824996971,-0.010063561727987835,0.000288792238844815,-0.0021252837802967495,-0.00029280069151282895,0.02391307299889811
97,2021-05-26,0.0470953959011691,0.3079374449266657,0.0067968557925458,0.232799283739667,326.3052062988281,397.08209228515625,45.01644515991211,35.018985748291016,134.44529724121094,4195.990234375,13738.0,17.360000610351562,0.0034837290053004732,0.001984627224754565,0.008912718911904038,0.002942834221613566,-7.24041878673587e-05,0.0018768165702687245,0.005918508635931463,-0.07855623833596592
98,2021-05-28,0.0678353460863145,0.3338634409901185,0.0470953959011691,0.3079374449266657,326.10986328125,398.0011596679688,45.137481689453125,35.48603057861328,134.2125701904297,4204.10986328125,13748.740234375,16.760000228881836,-0.0005986512437047287,0.0023145525841354875,0.0026887180698311752,0.013336903406605982,-0.0017310166703987662,0.0019350924222203414,0.0007817902442130986,-0.0345622327404731
99,2021-06-01,-0.0063446090571233,0.3012611906543094,0.167556924240193,0.2760973482140051,325.0259094238281,397.6506042480469,46.87520599365234,35.70086669921875,133.5531463623047,4202.0400390625,13736.48046875,17.899999618530273,-0.0033238916680267128,-0.000880789945974958,0.038498477078424465,0.006054104026358642,-0.004913279189791009,-0.0004923335226864056,-0.0008917010152208471,0.06801905573270361
100,2021-06-02,0.1300572777235743,0.2563034944055988,-0.0063446090571233,0.3012611906543094,325.66064453125,398.2759094238281,47.74839401245117,35.75690460205078,134.4744415283203,4208.1201171875,13756.330078125,17.479999542236328,0.0019528754139848115,0.0015724989956036328,0.01862792920669154,0.0015696510480867065,0.006898341155634924,0.0014469348384307246,0.0014450287626555092,-0.023463691913108042
101,2021-06-03,0.0977937990642845,0.2700171277656567,0.1300572777235743,0.2563034944055988,322.2718811035156,396.79779052734375,47.878074645996094,35.84098052978516,133.22348022460938,4192.85009765625,13614.509765625,18.040000915527344,-0.010405811953765887,-0.0037112937576935234,0.0027159161313594637,0.002351320078459951,-0.009302595270101799,-0.0036287033416374515,-0.010309458387126047,0.03203669267484277
102,2021-06-04,0.001832354245117,0.2733147773067166,0.0977937990642845,0.2700171277656567,327.74078369140625,400.42681884765625,48.19794464111328,35.93439102172852,135.7835693359375,4229.89013671875,13814.490234375,16.420000076293945,0.01696984102107857,0.009145787620161716,0.0066809285352902315,0.0026062482265443165,0.01921650077757997,0.008834095710505974,0.014688774858050868,-0.089800485422317
103,2021-06-07,0.0343656439375427,0.3147289610277829,0.0286413094486597,0.3309459040166104,328.7173767089844,400.0383605957031,47.99046325683594,35.70086669921875,135.75448608398438,4226.52001953125,13881.7197265625,16.420000076293945,0.0029797726318299134,-0.0009701104762938062,-0.004304776600377314,-0.0064986303056747685,-0.00021418830050912163,-0.0007967387044511831,0.004866592327830599,0.0
104,2021-06-08,0.0181388241789903,0.3708546396514499,0.0343656439375427,0.3147289610277829,328.87359619140625,400.1235961914063,48.40544509887695,35.60745620727539,135.76419067382812,4227.259765625,13924.91015625,17.06999969482422,0.000475239502048419,0.00021306855566605165,0.008647173081453907,-0.002616476869605089,7.148632891396112e-05,0.00017502486450582388,0.0031113169361038917,0.039585847473210256
105,2021-06-09,0.0227926260854799,0.2861312745049235,0.0181388241789903,0.3708546396514499,328.9517517089844,399.5266723632813,48.102840423583984,35.27118682861328,135.86114501953125,4219.5498046875,13911.75,17.889999389648438,0.00023764606974596703,-0.001491848603298651,-0.006251459410709703,-0.009443791117923261,0.0007141378387180985,-0.0018238673194856947,-0.0009450801550839882,0.048037475658119
106,2021-06-10,0.0107194990450331,0.2892087174455248,0.0227926260854799,0.2861312745049235,332.3795471191406,401.3838195800781,48.04233551025391,34.86018371582031,136.86000061035156,4239.18017578125,14020.330078125,16.100000381469727,0.010420359193553441,0.004648368545237425,-0.0012578241284147973,-0.011652659004361854,0.0073520327734373225,0.004652243012262192,0.007804918728772536,-0.10005584512285925
107,2021-06-14,0.0149561713677436,0.2646250177062661,0.1066252801716709,0.2535612247690331,336.442138671875,402.947265625,47.67058563232422,34.72007751464844,139.07098388671875,4255.14990234375,14174.1396484375,16.389999389648438,0.012222748324758337,0.0038951396858935006,-0.007737964317957702,-0.0040190895812258765,0.016155072822642946,0.0037671733449160527,0.010970467132758843,0.018012360329660915
108,2021-06-15,0.036362402499707,0.1811678747715776,0.0149561713677436,0.2646250177062661,334.2447814941406,402.208251953125,48.57834243774414,34.78546524047852,138.21763610839844,4246.58984375,14072.8603515625,17.020000457763672,-0.00653115922520453,-0.0018340208134400848,0.019042283483179823,0.0018832828297257187,-0.006136059115073311,-0.0020116937805257917,-0.0071453576292487275,0.0384381385952417
109,2021-06-16,0.0231172879629935,0.3648609412755024,0.036362402499707,0.1811678747715776,333.0240783691406,399.9624938964844,48.3189811706543,34.74810791015625,137.47093200683594,4223.7001953125,14039.6796875,18.149999618530277,-0.003652123212045999,-0.0055835703164597295,-0.005339030812387846,-0.001073935049136554,-0.005402379338747321,-0.005390124612855707,-0.0023577768295566237,0.06639242834163128
110,2021-06-17,0.0197087987026844,0.1770984386772105,0.0231172879629935,0.3648609412755024,337.2527160644531,399.8298950195313,46.67637252807617,33.72060012817383,139.06130981445312,4221.85986328125,14161.349609375,17.75,0.01269769356023942,-0.00033152827821747444,-0.033995100947528556,-0.02957017932139261,0.01156882974749962,-0.00043571559205179966,0.008666146563395483,-0.022038546938695114
111,2021-06-18,0.0577952548108719,0.2402759955648508,0.0197087987026844,0.1770984386772105,334.6061706542969,394.4360656738281,45.29309844970703,32.9079475402832,137.79090881347656,4166.4501953125,14030.3798828125,20.700000762939453,-0.007847365741156742,-0.013490310286677576,-0.029635423736861566,-0.02409958852457217,-0.009135546060019428,-0.013124468779900589,-0.009248392997500465,0.166197226081096
112,2021-06-21,0.0318973325492414,0.4002360949049537,0.0253908965030114,0.3407044159209125,336.6857604980469,400.0827941894531,47.223262786865234,33.67599868774414,139.26768493652344,4224.7900390625,14141.48046875,17.889999389648438,0.0062150373368294876,0.014315953856751218,0.04261497674532988,0.023339381665196557,0.010717514934500905,0.014002289962720793,0.007918572901479237,-0.13574885360979994
113,2021-06-22,0.0143105839248067,0.2713497370623761,0.0318973325492414,0.4002360949049537,339.82421875,402.2216491699219,47.53767395019531,33.732261657714844,140.53060913085938,4246.43994140625,14253.26953125,16.65999984741211,0.009321624553739749,0.00534603090043384,0.006657972041218763,0.0016707142226839444,0.009068321878916485,0.005124491902218642,0.00790504662839453,-0.06875347032979973
114,2021-06-23,0.0739037328211845,0.2905643818222957,0.0143105839248067,0.2713497370623761,339.9903564453125,401.7368774414063,47.66868591308594,33.79790496826172,140.3751983642578,4241.83984375,14271.73046875,16.31999969482422,0.0004888930398299074,-0.0012052352963000112,0.0027559607360656546,0.0019460097639749652,-0.0011058855260268619,-0.0010832833431588806,0.0012952072125995695,-0.020408172611160347
115,2021-06-24,-0.0111519640703983,0.1926938050492913,0.0739037328211845,0.2905643818222957,342.092529296875,404.1134643554688,48.07916259765625,34.21991729736328,141.25924682617188,4266.490234375,14369.7099609375,15.970000267028809,0.006183036700044164,0.005915779823845391,0.008611034197979262,0.012486345810424071,0.006297753963774078,0.005811249724885448,0.006865284655006576,-0.021446043770847023
116,2021-06-25,0.0265335859447439,0.3759652491401341,-0.0111519640703983,0.1926938050492913,341.6720886230469,405.5488586425781,48.33245468139648,34.63254165649414,141.09413146972656,4280.7001953125,14360.3896484375,15.619999885559082,-0.0012290261780703027,0.003551958580243486,0.00526822993694509,0.012058017427255763,-0.0011688817557444775,0.0033305973193167304,-0.0006486082548177174,-0.021916116193956947
117,2021-06-28,0.0269157224837559,0.2378741623640557,0.0498569207891671,0.2846338443024916,345.8273620605469,406.366455078125,46.6992301940918,34.379337310791016,142.57081604003906,4290.60986328125,14500.509765625,15.760000228881836,0.012161582920764635,0.002016024501421354,-0.033791465756720984,-0.007311168444249727,0.010465953154326302,0.0023149642620619026,0.009757403567579814,0.008962890163154658
118,2021-06-29,0.039027172227477,0.2759601310239553,0.0269157224837559,0.2378741623640557,347.078857421875,406.5851135253906,46.47215270996094,34.25741958618164,143.61033630371094,4291.7998046875,14528.330078125,16.020000457763672,0.003618844251858322,0.0005380819320424113,-0.004862553048242457,-0.0035462499904297395,0.007291255619803261,0.00027733619326086867,0.0019185747914842732,0.01649747621230091
119,2021-06-30,0.0669340330450679,0.3469921740699747,0.039027172227477,0.2759601310239553,346.5312805175781,406.9273071289063,47.048587799072266,34.407466888427734,143.4549102783203,4297.5,14503.9501953125,15.829999923706056,-0.0015776728907208604,0.0008416284613783631,0.01240388179796481,0.00437999429199909,-0.0010822760352147132,0.0013281596467464851,-0.0016780925737093222,-0.011860207779553211
120,2021-07-01,0.0990709903812642,0.2725033384092277,0.0669340330450679,0.3469921740699747,346.668212890625,409.1802978515625,47.86955642700195,34.67942810058594,143.69776916503906,4319.93994140625,14522.3798828125,15.479999542236328,0.00039515155123193146,0.0055365926129467,0.017449378745133748,0.00790413351381214,0.0016929283650699567,0.0052216268542757405,0.0012706667667650162,-0.02210994208190664
121,2021-07-02,0.0684618892744108,0.2627480997245968,0.0990709903812642,0.2725033384092277,350.6474914550781,412.307861328125,47.764747619628906,34.64191436767578,145.5922393798828,4352.33984375,14639.330078125,15.06999969482422,0.011478636968970113,0.0076434850186679615,-0.0021894668594406586,-0.0010817287067522718,0.013183713469260061,0.007500081663913916,0.008053101231080717,-0.02648577903981497
122,2021-07-06,-0.0720161493758618,0.1453742681946905,0.1037500340580255,0.355003150552764,352.1629638671875,411.5568542480469,46.21015167236328,34.097991943359375,146.14601135253906,4343.5400390625,14663.6396484375,16.440000534057617,0.004321925720388364,-0.0018214716490221328,-0.03254693104725559,-0.015701280782101867,0.003803581667641831,-0.0020218560598241897,0.0016605657624200187,0.09090914843906206
123,2021-07-07,0.0382725985702483,0.2920811759184918,-0.0720161493758618,0.1453742681946905,352.906005859375,413.0112915039063,45.45904922485352,34.1448860168457,146.94265747070312,4358.1298828125,14665.0595703125,16.200000762939453,0.0021099379220006487,0.003533988660003873,-0.016254057178500148,0.0013752737570067453,0.005451028808732605,0.003358975310182588,9.683284021178018e-05,-0.014598525749495717
124,2021-07-08,0.0845812576986643,0.2672735587053709,0.0382725985702483,0.2920811759184918,350.7745361328125,409.6460876464844,45.19703674316406,33.460304260253906,145.55340576171875,4320.81982421875,14559.7802734375,19.0,-0.006039766088344334,-0.008147970592203735,-0.005763703512439711,-0.020049320306825824,-0.009454379911846611,-0.008561024934316985,-0.007178920506270892,0.17283945093793274
125,2021-07-09,0.0289923622073998,0.2985902364896936,0.0845812576986643,0.2672735587053709,352.9646911621094,414.01904296875,46.157745361328125,34.42622375488281,146.89405822753906,4369.5498046875,14701.919921875,16.18000030517578,0.006243768585492804,0.010674959322544364,0.021256008964113393,0.028867624368146716,0.00921072549834423,0.011277947808795874,0.009762485818334499,-0.14842103656969574
126,2021-07-12,0.069842951670946,0.3078556609169007,0.1112469574251594,0.4473949768411925,354.3432922363281,415.501953125,46.08788299560547,34.76382064819336,147.0106658935547,4384.6298828125,14733.240234375,16.170000076293945,0.0039057761547758307,0.0035817438386811506,-0.0015135567211042034,0.00980638758738861,0.0007938215297653706,0.0034511743312370946,0.0021303552642399914,-0.000618061105884915
127,2021-07-13,0.050946477860291,0.3383799984169059,0.069842951670946,0.3078556609169007,354.3432922363281,414.0855712890625,45.738529205322266,34.38871765136719,147.61302185058594,4369.2099609375,14677.650390625,17.1200008392334,0.0,-0.0034088451938308895,-0.007580165708989339,-0.010790039467243218,0.004097362278920658,-0.0035168126585656267,-0.0037730901597803346,0.058750819941689736
128,2021-07-14,0.120529273379514,0.3134202031488375,0.050946477860291,0.3383799984169059,354.9787902832031,414.7034606933594,44.376068115234375,34.22929382324219,148.7011260986328,4374.2998046875,14644.9501953125,16.329999923706055,0.0017934530180161445,0.0014921780596541812,-0.029788038963206365,-0.004635934079928128,0.007371329672718474,0.0011649345752446916,-0.0022278903259194127,-0.04614491102809537
129,2021-07-16,0.1302851763102703,0.2138112551148379,0.120529273379514,0.3134202031488375,349.63067626953125,410.0453796386719,42.51577758789063,33.8729248046875,146.01976013183594,4327.16015625,14427.240234375,18.450000762939453,-0.015066010026698051,-0.011232317779310219,-0.04192103100511291,-0.010411229059966942,-0.01803191433142437,-0.01077650150704923,-0.014865872402023195,0.12982246473595027
130,2021-07-19,0.0193798737706664,0.1784301331810708,0.0520253920479427,0.4143407262656379,346.7659606933594,403.9898986816406,41.01357650756836,32.92576599121094,144.00865173339844,4258.490234375,14274.98046875,22.5,-0.008193547564926629,-0.014767831215089622,-0.035332790920190815,-0.027962120747998975,-0.013772850993740482,-0.015869512427409305,-0.010553630711868212,0.21951214469301195
131,2021-07-20,0.1099174045689914,0.258321541081589,0.0193798737706664,0.1784301331810708,350.7941589355469,409.7792053222656,41.563812255859375,33.741641998291016,146.14601135253906,4323.06005859375,14498.8798828125,19.729999542236328,0.011616475371841961,0.014330325237134733,0.01341594162580484,0.02477925668602099,0.014841883410571022,0.015162609437855634,0.01568474398635078,-0.12311113145616315
132,2021-07-21,0.0859704701456261,0.2802500515622388,0.1099174045689914,0.258321541081589,353.50244140625,413.096923828125,43.01360321044922,34.32307052612305,147.5547332763672,4358.68994140625,14631.9501953125,17.90999984741211,0.007720432058849536,0.008096356434802887,0.03488108707798965,0.01723177929104569,0.009639140410270697,0.008241819990835397,0.009177971924420714,-0.09224529838067741
133,2021-07-23,0.0333486382134524,0.3725963950835452,0.0859704701456261,0.2802500515622388,359.9945373535156,418.2208862304688,42.37603759765625,34.00422286987305,150.11953735351562,4411.7900390625,14836.990234375,17.200000762939453,0.018365066791164786,0.012403777677307826,-0.014822418146966276,-0.009289601756559795,0.01738205220665212,0.012182582007454812,0.01401317229252097,-0.03964260695263189
134,2021-07-26,0.0296556099161229,0.3484269919471394,0.1004017839417159,0.3999173136213623,360.2779846191406,419.2475280761719,43.42409133911133,34.2011604309082,150.04183959960938,4422.2998046875,14840.7099609375,17.579999923706055,0.0007873654631227467,0.002454783774565872,0.02473222606148151,0.005791561883028207,-0.0005175725643443707,0.0023821998626283314,0.00025070627558165803,0.02209297348319761
135,2021-07-27,0.0237239342484207,0.4175081638415268,0.0296556099161229,0.3484269919471394,356.3084716796875,417.3367614746094,43.02233123779297,34.191776275634766,148.62339782714844,4401.4599609375,14660.580078125,19.36000061035156,-0.011017917022183354,-0.004557609702150356,-0.009252009401438,-0.00027438119511746795,-0.009453641572551241,-0.0047124448070912095,-0.0121375515919806,0.10125146156828091
136,2021-07-28,0.1343044664496227,0.3664449591983129,0.0237239342484207,0.4175081638415268,357.67724609375,417.1656188964844,43.41535568237305,34.1448860168457,148.43881225585938,4400.64013671875,14762.580078125,18.309999465942383,0.0038415432774019376,-0.0004100826812387659,0.009135359086139605,-0.0013713899626348613,-0.0012419684517220864,-0.0001862618826539153,0.006957432752077386,-0.05423559459227256
137,2021-07-29,0.0984920750637273,0.4539652996218333,0.1343044664496227,0.3664449591983129,358.31280517578125,418.8957214355469,43.834564208984375,34.52000045776367,149.12855529785156,4419.14990234375,14778.259765625,17.700000762939453,0.0017769066636814657,0.004147279786956393,0.009655766261095655,0.010985962604558086,0.004646648888589233,0.004206152980007483,0.0010621237898131852,-0.0333150584814359
138,2021-07-30,0.0231866181383797,0.4173419851120603,0.0984920750637273,0.4539652996218333,356.4453430175781,416.86138916015625,43.13588333129883,34.248043060302734,149.0314483642578,4395.259765625,14672.6796875,18.239999771118164,-0.005211820876139139,-0.004856416934551189,-0.015939040122642356,-0.007878255905404363,-0.0006511625717811054,-0.0054060480514769305,-0.0071442835489050616,0.03050841722613762
139,2021-08-02,0.0013312393836934,0.4447031436124993,0.1071921498638369,0.3467876972872438,356.47467041015625,415.9867858886719,42.81272888183594,34.25741958618164,148.49710083007812,4387.16015625,14681.0703125,19.459999084472656,8.227739021604563e-05,-0.002098067353386801,-0.007491545889554363,0.0002737828220549243,-0.003585468302459538,-0.001842805614891363,0.0005718536203818125,0.0668859281065497
140,2021-08-03,0.0342588080871436,0.3571406887619517,0.0013312393836934,0.4447031436124993,358.63543701171875,419.3710632324219,43.54636001586914,34.64191436767578,149.44921875,4423.14990234375,14761.2900390625,18.040000915527344,0.006061487059028092,0.008135540499249583,0.017135818089476063,0.011223693615535213,0.0064116936600087104,0.0082034265474622,0.005464160640535676,-0.07297010461209863
141,2021-08-04,-0.0292687282410223,0.4121602866251576,0.0342588080871436,0.3571406887619517,359.15362548828125,417.3082580566406,42.367313385009766,34.3512077331543,149.75035095214844,4402.66015625,14780.5302734375,17.969999313354492,0.0014448892192033824,-0.00491880665270894,-0.02707566442820264,-0.008391760092587242,0.002014946646540672,-0.004632387901412294,0.0013034249936207942,-0.003880354690702914
142,2021-08-05,0.0076458958740746,0.3865728815899886,-0.0292687282410223,0.4121602866251576,361.4317321777344,419.9509582519531,42.84766006469727,34.80133819580078,150.57615661621094,4429.10009765625,14895.1201171875,17.280000686645508,0.0063429867549185115,0.006332729209863386,0.01133767145729525,0.01310377399662821,0.005514549106641953,0.006005446813494242,0.0077527559316279415,-0.03839725392733928
143,2021-08-06,0.0596757523551153,0.3937212607832385,0.0076458958740746,0.3865728815899886,359.8478088378906,420.6448669433594,43.24067687988281,35.50468063354492,150.4498748779297,4436.52001953125,14835.759765625,16.149999618530273,-0.004382358268047337,0.0016523564901356202,0.009172421891699756,0.020210212428814156,-0.0008386569369220886,0.001675266241764728,-0.003985221407782014,-0.06539357773223542
144,2021-08-09,0.0318058088991531,0.3408750993059714,0.1090754275427364,0.3920168004459837,360.5126953125,420.302734375,42.62932586669922,35.59846115112305,149.96409606933594,4432.35009765625,14860.1796875,16.719999313354492,0.0018476879899771426,-0.0008133525338024361,-0.01413833124957431,0.002641356460745703,-0.0032288415592761632,-0.0009399082741974318,0.00164601761290184,0.035294099584386895
145,2021-08-10,0.0404311014041088,0.2951040151354117,0.0318058088991531,0.3408750993059714,358.6647033691406,420.8255310058594,43.38042068481445,35.97357940673828,148.88571166992188,4436.75,14788.08984375,16.790000915527344,-0.005126010726910768,0.0012438573154580634,0.01761920468702427,0.01053748514641617,-0.007190950552027231,0.0009926793341701323,-0.00485120942451589,0.004186698866484928
146,2021-08-11,0.0001882785263915,0.358518477669299,0.0404311014041088,0.2951040151354117,358.048828125,421.8712463378906,43.721038818359375,36.386207580566406,148.9051055908203,4442.41015625,14765.1396484375,16.170000076293945,-0.0017171336860174469,0.0024849141864842217,0.007851886361815774,0.011470311840884984,0.000130260457372966,0.0012757437876824707,-0.0015519377793203892,-0.03692679007897037
147,2021-08-12,-0.0055220701561388,0.402919571128254,0.0001882785263915,0.358518477669299,359.33935546875,423.1356201171875,43.677371978759766,36.45185089111328,149.76007080078125,4460.830078125,14816.259765625,15.59000015258789,0.0036043333824276047,0.002997060810075114,-0.000998760340096827,0.001804071237749394,0.005741678276031115,0.004146380281677686,0.003462216978957544,-0.0358688881242718
148,2021-08-13,-0.0156248620840922,0.2934598574793945,-0.0055220701561388,0.402919571128254,360.60064697265625,423.9056396484375,43.16208267211914,36.17988204956055,150.57615661621094,4468.0,14822.900390625,15.449999809265137,0.003510028847969915,0.0018197936894008837,-0.011797626168790765,-0.0074610434012017945,0.005449288392199492,0.001607306655808216,0.00044819847282950853,-0.0089801373927193
149,2021-08-16,0.0205654796878639,0.2786970541542747,0.1041679270447275,0.2612974328664547,360.7571105957031,424.9037780761719,42.367313385009766,36.08611679077149,151.25621032714844,4479.7099609375,14793.759765625,16.1200008392334,0.00043389723329800844,0.0023546240822891473,-0.018413599110748247,-0.002591640809127327,0.004516343930007549,0.002620850702215849,-0.0019659192352415866,0.04336576299285588
150,2021-08-17,0.0766047406034203,0.3100089561808455,0.0205654796878639,0.2786970541542747,357.5795593261719,422.1183776855469,41.930625915527344,35.832908630371094,150.0029296875,4448.080078125,14656.1796875,17.90999984741211,-0.008808007316291833,-0.006555367436920423,-0.010307178685465823,-0.007016774951666527,-0.00828581277382101,-0.00706069881494753,-0.009299872399218145,0.1110421163144204
151,2021-08-18,0.0204288618881989,0.3012774816348593,0.0766047406034203,0.3100089561808455,354.1379699707031,417.4983520507813,41.057247161865234,35.392147064208984,147.9336395263672,4400.27001953125,14525.91015625,21.56999969482422,-0.009624681460970952,-0.010944857838450228,-0.02082913704702627,-0.012300468563931521,-0.01379499830732478,-0.010748470745585936,-0.008888368867441265,0.20435510209906327
152,2021-08-19,-0.0927434446973082,0.3056224987927594,0.0204288618881989,0.3012774816348593,355.8489685058594,418.1447448730469,39.991737365722656,35.12955856323242,149.38119506835938,4405.7998046875,14541.7900390625,21.670000076293945,0.004831446160087793,0.0015482523921122038,-0.025951808019224587,-0.007419400142640975,0.009785168178291004,0.0012566922329095842,0.0010932108653904926,0.004636086364605774
153,2021-08-20,0.062095484872185,0.1967042052021888,-0.0927434446973082,0.3056224987927594,359.5349426269531,421.4719543457031,40.07907104492188,35.34526062011719,151.3048095703125,4441.669921875,14714.66015625,18.559999465942383,0.01035825433630011,0.007957075901232402,0.0021837930770689518,0.006140186945318593,0.012877219927667882,0.008141567655737925,0.011887815511235633,-0.1435164097555205
154,2021-08-23,0.0680682365024012,0.2977892310436461,-0.001220412334061,0.1715089297007401,364.9124145507813,425.1794128417969,41.58127975463867,35.6359748840332,153.25755310058594,4479.52978515625,14942.650390625,17.149999618530273,0.014956743521332028,0.008796453614213107,0.03748112594808073,0.008224985721297928,0.01290602417609188,0.00852379036424833,0.01549408766183169,-0.07596982155088206
155,2021-08-24,0.0739674709643323,0.2985950203455941,0.0680682365024012,0.2977892310436461,366.0269470214844,425.85443115234375,42.27123641967773,35.85166549682617,153.0826873779297,4486.22998046875,15019.7998046875,17.219999313354492,0.0030542465157703536,0.0015876081723600333,0.01659296368727281,0.0060526087330252665,-0.0011409925261006704,0.0014957363013194946,0.005163034136896005,0.004081614949343004
156,2021-08-25,0.0103479386381522,0.2068060499550403,0.0739674709643323,0.2985950203455941,366.4473876953125,426.74798583984375,42.59439086914063,36.2736701965332,152.9952392578125,4496.18994140625,15041.8603515625,16.790000915527344,0.001148660439482363,0.002098263214221019,0.007644783470598382,0.011770853427838457,-0.0005712476153576507,0.002220118224179668,0.0014687643751494228,-0.024970871949668183
157,2021-08-26,-0.0491606249506631,0.363217366770114,0.0103479386381522,0.2068060499550403,364.1203918457031,424.2287902832031,41.948089599609375,36.09549331665039,152.03343200683594,4470.0,14945.8095703125,18.84000015258789,-0.006350149919868375,-0.005903239476767075,-0.015173389179735874,-0.004912016868363178,-0.0062865175128477,-0.005824918819612557,-0.006385565282822414,0.12209643390577263
158,2021-08-27,0.0942048154900096,0.2555564609281995,-0.0491606249506631,0.363217366770114,367.6597595214844,428.0218505859375,43.06600570678711,36.573760986328125,153.5004119873047,4509.3701171875,15129.5,16.389999389648438,0.009720322604950482,0.008941072340239442,0.02664998854174616,0.013250066025752849,0.009649061795847569,0.008807632480425154,0.012290430225497584,-0.13004250228750225
159,2021-08-30,-0.0794013004301158,0.2764693194285778,0.0532336432097136,0.3066739173531673,371.7856750488281,429.9040832519531,42.5594482421875,36.05797576904297,155.1520538330078,4528.7900390625,15265.8896484375,16.190000534057617,0.011222102556759816,0.004397515368523619,-0.011762350751738704,-0.014102602613878412,0.010759852851989216,0.004306570844779589,0.009014815323540093,-0.012202493168921968
160,2021-08-31,0.0105780121416618,0.192983228534586,-0.0794013004301158,0.2764693194285778,371.4826049804688,429.26708984375,42.27123641967773,36.011085510253906,154.3359375,4522.68017578125,15259.240234375,16.479999542236328,-0.0008151741411756008,-0.0014817105326953017,-0.006771982119450515,-0.0013004129541104303,-0.005260106539654363,-0.0013491160395050494,-0.00043557330857424414,0.01791222968576589
161,2021-09-01,-0.0003354030576758,0.2914400665026734,0.0105780121416618,0.192983228534586,372.0984802246094,429.4953002929688,41.65114212036133,35.80477523803711,154.37478637695312,4524.08984375,15309.3798828125,16.110000610351562,0.001657884476644389,0.0005316281043157289,-0.01466941475664385,-0.005729076735497274,0.0002517163376360987,0.0003116886257619189,0.003285854843843916,-0.022451392121492608
162,2021-09-02,-0.0278253845473256,0.2169666190690886,-0.0003354030576758,0.2914400665026734,371.9225463867188,430.8167114257813,42.70792388916016,35.926692962646484,154.20965576171875,4536.9501953125,15331.1796875,16.40999984741211,-0.00047281525520981305,0.0030766602845506696,0.025372215862532688,0.003405068843439052,-0.001069673481724931,0.002842638410522902,0.0014239508624365182,0.018621925865588196
163,2021-09-03,-0.0294304207179556,0.2625275582781695,-0.0278253845473256,0.2169666190690886,373.06646728515625,430.712158203125,42.463375091552734,35.701602935791016,154.82171630859375,4535.43017578125,15363.51953125,16.40999984741211,0.003075696565187469,-0.0002426860887320137,-0.005726075522708762,-0.006265258733652357,0.00396901571339181,-0.0003350311257153127,0.0021094165230068906,0.0
164,2021-09-07,-0.0105125091503101,0.2431760056763019,0.0191838059387555,0.2564179721289996,373.594482421875,429.1720581054688,42.210105895996094,35.485923767089844,154.86056518554688,4520.02978515625,15374.330078125,18.13999938964844,0.0014153379706334235,-0.0035757061144531255,-0.00596441509914325,-0.006041162047795701,0.00025092653588520974,-0.003395574405981705,0.0007036504137616362,0.10542349532740292
165,2021-09-08,0.1011967922649422,0.2036871658449378,-0.0105125091503101,0.2431760056763019,372.2940979003906,428.6492919921875,41.66860961914063,35.40152740478516,154.26792907714844,4514.06982421875,15286.6396484375,17.959999084472656,-0.003480738026574892,-0.0012180804957083735,-0.012828593185472803,-0.002378305348864851,-0.003826901365679314,-0.001318566739775151,-0.005703691103410624,-0.0099228396489639
166,2021-09-09,0.0667469964846115,0.1275658433893666,0.1011967922649422,0.2036871658449378,371.0133056640625,426.8145446777344,41.755950927734375,35.50468063354492,153.68502807617188,4493.27978515625,15248.25,18.799999237060547,-0.0034402700541087405,-0.004280299416630218,0.002096093663600973,0.0029138072936880643,-0.003778497607788922,-0.004605608657393345,-0.002511320298010933,0.04677061221646239
167,2021-09-10,0.0436135521602757,0.2502213898006589,0.0667469964846115,0.1275658433893666,368.197509765625,423.4493103027344,41.73848724365234,35.24210739135742,152.16944885253906,4458.580078125,15115.490234375,20.950000762939453,-0.0075894741656168385,-0.007884535372478685,-0.000418232220654291,-0.007395454275384239,-0.009861593172769134,-0.007722578759925436,-0.008706557514796764,0.11436178793244811
168,2021-09-13,-0.0667289096118466,0.5419883424162304,0.0562554624632146,0.2002058639860197,367.9433288574219,424.5329895019531,42.935001373291016,35.64535140991211,152.218017578125,4468.72998046875,15105.580078125,19.3700008392334,-0.0006903384772073418,0.00255917101020664,0.028666926107166146,0.011442108557150998,0.000319175274354766,0.0022764876184568905,-0.0006556291656001356,-0.07541765470963968
169,2021-09-14,-0.0231192994469789,0.3041597017336225,-0.0667289096118466,0.5419883424162304,366.8971557617188,422.2420043945313,42.31491088867188,35.167076110839844,152.02371215820312,4443.0498046875,15037.759765625,19.459999084472656,-0.002843299534609711,-0.005396483109850969,-0.014442540230239276,-0.013417606508411839,-0.0012764942219941622,-0.00574663850657553,-0.004489752273612702,0.004646269558077121
170,2021-09-15,0.1875646487983608,0.2038240882587968,-0.0231192994469789,0.3041597017336225,369.6249084472656,425.7688598632813,43.89570617675781,35.50468063354492,153.3546600341797,4480.7001953125,15161.5302734375,18.18000030517578,0.007434652034529199,0.008352687397378489,0.03735787822512293,0.009600016835093594,0.008754870257289271,0.008473996979569742,0.008230648031459342,-0.06577589103373593
171,2021-09-16,0.0055205247390302,0.2763215807879441,0.1875646487983608,0.2038240882587968,369.8791809082031,425.0939025878906,43.39788436889648,35.40152740478516,153.44215393066406,4473.75,15181.919921875,18.690000534057617,0.0006879202540912566,-0.0015852668877837095,-0.011341013762410479,-0.002905341687887142,0.0005705330145486798,-0.0015511404489350067,0.001344827868280607,0.0280528173993837
172,2021-09-20,0.0365049309081339,0.3617591586958053,0.0001034693227625,0.1900794732150026,357.9466247558594,413.9339904785156,41.759376525878906,34.424564361572266,148.30088806152344,4357.72998046875,14713.900390625,25.709999084472656,-0.032260686105783254,-0.026252816239977994,-0.03775547741197949,-0.027596635366666233,-0.033506215452787536,-0.025933505343671448,-0.030827427206729596,0.375601837871697
173,2021-09-21,-0.0046205594005911,0.44902189653212,0.0365049309081339,0.3617591586958053,358.38702392578125,413.5429992675781,41.85661315917969,34.37749099731445,148.35928344726562,4354.18994140625,14746.400390625,24.36000061035156,0.0012303487153211279,-0.0009445738207811694,0.0023284982054394554,-0.0013674352931060119,0.00039376288642301027,-0.0008123585165593639,0.0022087957059100383,-0.05250869397877256
174,2021-09-22,0.157321835104962,0.2472167776651022,-0.0046205594005911,0.44902189653212,361.7345275878906,417.5769348144531,43.14723205566406,34.95201110839844,150.393310546875,4395.64013671875,14896.849609375,20.8700008392334,0.009340471162824882,0.00975457341562902,0.030834288755666517,0.01671210127373368,0.013710143729107171,0.009519611195260236,0.010202436849988672,-0.1432676389028955
175,2021-09-23,0.3229827324115319,0.4030281219453142,0.157321835104962,0.2472167776651022,365.0721740722656,422.6506042480469,44.65884017944336,35.80908966064453,152.4079132080078,4448.97998046875,15052.240234375,18.6299991607666,0.009226784367616148,0.012150262647643961,0.03503372178843778,0.024521580448918723,0.013395560306552978,0.012134715784494876,0.010431106514105393,-0.10733117337761822
176,2021-09-24,0.1168659943355662,0.1959960244588046,0.3229827324115319,0.4030281219453142,365.4147644042969,423.3467712402344,44.99475860595703,35.99746322631836,152.51498413085938,4455.47998046875,15047.7001953125,17.75,0.0009384180892499927,0.001647145384841231,0.007521879770364004,0.005260495797547726,0.0007025286325219593,0.001461009046688222,-0.0003016188282812804,-0.04723559851896364
177,2021-09-27,0.0456745082372068,0.3125894733050248,0.0558674028275813,0.2489675831033131,362.498046875,422.1355590820313,46.594757080078125,36.48722839355469,151.03562927246094,4443.10986328125,14969.9697265625,18.76000022888184,-0.007981936728943428,-0.0028610402641189303,0.035559663473986536,0.013605546706364935,-0.009699734533159976,-0.0027763826213396126,-0.0051656045602379574,0.05690142134545573
178,2021-09-29,0.0101204036950505,0.2058044965534296,0.0456745082372068,0.3125894733050248,351.6626892089844,414.3250122070313,46.75387573242188,35.91270065307617,146.37387084960938,4359.4599609375,14512.4404296875,22.559999465942383,-0.02989080288686896,-0.018502461370429657,0.0034149475673903584,-0.01574599567502377,-0.03086528950359113,-0.01882688137762456,-0.030563141090603985,0.20255859225472062
179,2021-09-30,-0.013391189846637,0.3882775264736282,0.0101204036950505,0.2058044965534296,350.37066650390625,409.2609558105469,46.04669952392578,35.347591400146484,145.3227996826172,4307.5400390625,14448.580078125,23.13999938964844,-0.0036740397680070647,-0.012222425022108019,-0.015125509862398467,-0.01573563788445642,-0.007180729462788471,-0.011909714125195148,-0.004400386817909885,0.025709217084940672
180,2021-10-01,0.0071436123108412,0.3571438224495823,-0.013391189846637,0.3882775264736282,352.5436096191406,414.1246643066406,47.59366226196289,35.93153762817383,147.51255798339844,4357.0400390625,14566.7001953125,21.100000381469727,0.006201840858758523,0.011884125341155682,0.03359551833315022,0.01652011367385353,0.015068236405874735,0.01149147763018199,0.00817520590596521,-0.08815899144281303
181,2021-10-04,0.0359838111300927,0.2627674216189085,0.0308085366780369,0.3821412343850125,345.14385986328125,408.7840576171875,48.3715705871582,35.620723724365234,144.0965118408203,4300.4599609375,14255.48046875,22.959999084472656,-0.02098960115559456,-0.012896132855054088,0.016344788113038744,-0.00865016985983047,-0.023157663247644122,-0.012985898136748442,-0.02136514944288126,0.08815159570501252
182,2021-10-06,0.0133583411134106,0.1822871133050773,0.0359838111300927,0.2627674216189085,352.0444641113281,414.7541198730469,48.14173126220703,36.35536193847656,147.1038055419922,4363.5498046875,14501.91015625,21.0,0.01999341448745562,0.014604440032859989,-0.004751537362985503,0.020623899160387316,0.020869996523537937,0.014670487418338096,0.017286663051463425,-0.08536581718760439
183,2021-10-07,0.1941503932825355,0.3766550979172941,0.0133583411134106,0.1822871133050773,355.2744445800781,418.3399353027344,48.51300811767578,36.57199096679688,148.44686889648438,4399.759765625,14654.01953125,19.540000915527344,0.009174921914774314,0.008645641496665801,0.007712162519593724,0.005958654150848952,0.009130038135612972,0.008298280656405366,0.010488919967170274,-0.06952376592726939
184,2021-10-08,-0.035416235136223,0.3626667640606913,0.1941503932825355,0.3766550979172941,353.5028381347656,417.5769348144531,50.00693893432617,36.750938415527344,147.8921356201172,4391.33984375,14579.5400390625,18.770000457763672,-0.0049865856448145784,-0.0018238767659823907,0.030794437917076367,0.004893019056384507,-0.0037369146314161217,-0.0019137230947889883,-0.00508252988394553,-0.039406367537669684
185,2021-10-11,0.0744995664378933,0.2962423263911057,0.2178600804514478,0.265014895116596,350.7915954589844,414.5538940429688,49.82129669189453,36.38361740112305,147.07461547851562,4361.18994140625,14486.2001953125,20.0,-0.007669648962613573,-0.0072394821635145545,-0.003712329656399116,-0.009994874423372657,-0.005527813484967781,-0.006865763848056816,-0.006402111692132784,0.06553007523916032
186,2021-10-12,5.160962375327927e-05,0.2912960936628913,0.0744995664378933,0.2962423263911057,349.56805419921875,413.5334167480469,49.865501403808594,36.27059555053711,146.31549072265625,4350.64990234375,14465.919921875,19.850000381469727,-0.003487943484406175,-0.0024616275702289414,0.0008872653834650635,-0.0031063939943049013,-0.005161494071492356,-0.0024167805585421087,-0.0013999719156209123,-0.007499980926513716
187,2021-10-13,-0.000754245565809,0.4056299916214618,5.160962375327927e-05,0.2912960936628913,352.3674621582031,415.0211791992188,49.82129669189453,36.06339263916016,147.21084594726562,4363.7998046875,14571.6396484375,18.63999938964844,0.008008191610635595,0.00359768374433056,-0.0008864788414758573,-0.005712696696370534,0.006119346763539424,0.00302251448379387,0.00730819243666847,-0.06095722763566491
188,2021-10-14,0.0938799866064703,0.4059216359505949,-0.000754245565809,0.4056299916214618,358.8569030761719,422.0020751953125,50.431251525878906,36.66617965698242,150.52957153320312,4438.259765625,14823.4296875,16.860000610351562,0.0184166860306052,0.016820577710186413,0.012242853447923308,0.016714650888605354,0.022544029039316404,0.01706310194558336,0.017279458258460334,-0.09549349987025135
189,2021-10-15,0.1083385253060728,0.3071767477776492,0.0938799866064703,0.4059216359505949,361.1178283691406,425.2159423828125,50.67876434326172,37.212440490722656,151.73635864257812,4471.3701171875,14897.33984375,16.299999237060547,0.006300353354185884,0.007615761571818203,0.004907925341805175,0.014898220617762359,0.008016943761171902,0.007460210377712606,0.004986036147378581,-0.033214789621489715
190,2021-10-18,0.0607485780409205,0.3491925615331172,-0.0401439999904198,0.3649445654195879,364.7492065429688,426.4748229980469,50.7141227722168,37.22187042236328,153.02101135253906,4486.4599609375,15021.8095703125,16.309999465942383,0.010055937116779878,0.002960567772176903,0.0006976971402772314,0.00025340804086670943,0.00846634729772977,0.00337476955709759,0.008355164604418874,0.0006135110030618396
191,2021-10-19,0.1244213831678866,0.4864019806206441,0.0607485780409205,0.3491925615331172,367.5094299316406,429.7649841308594,51.28871154785156,37.58918380737305,154.53929138183594,4519.6298828125,15129.08984375,15.699999809265137,0.007567455498622699,0.00771478398111114,0.011329955922052326,0.009868214059148395,0.009922036299962578,0.007393339551406308,0.007141634497185745,-0.037400348047283094
192,2021-10-20,0.2309128282829171,0.3521665566018526,0.1244213831678866,0.4864019806206441,367.0298156738281,431.4530334472656,51.70418930053711,37.89058303833008,154.11105346679688,4536.18994140625,15121.6796875,15.489999771118164,-0.0013050393234854685,0.0039278428414080135,0.008100764089148837,0.008018243559146265,-0.002771061722943835,0.0036640298040166996,-0.0004897952438996933,-0.013375798770586256
193,2021-10-21,0.1086730394384542,0.4609600126492744,0.2309128282829171,0.3521665566018526,369.2712707519531,432.5783386230469,50.749488830566406,37.73046875,154.70474243164062,4549.77978515625,15215.7001953125,15.010000228881836,0.0061070108814182955,0.0026081753714655154,-0.018464663751352695,-0.004225701361420198,0.00385234512053767,0.002995871849622578,0.00621759683814882,-0.03098770492762115
194,2021-10-25,-0.0564119404021016,0.2551279629756499,0.0903926184899717,0.186619592818841,369.9172668457031,434.4475708007813,51.97821807861328,38.21080017089844,154.675537109375,4566.47998046875,15226.7099609375,15.239999771118164,0.0017493808614856832,0.004321141423041297,0.02421165762179678,0.01273059775856722,-0.00018878104062347578,0.003670550246626103,0.0007235792953117492,0.015323087190483031
195,2021-10-26,0.224616023313267,0.3317644785538251,-0.0564119404021016,0.2551279629756499,371.0820617675781,434.8385925292969,52.27877426147461,38.23906326293945,155.11346435546875,4574.7900390625,15235.7099609375,15.979999542236328,0.0031487984646059175,0.0009000435375776661,0.00578234872166572,0.0007396623968776161,0.0028312637814478236,0.0018197952535197182,0.0005910666206350168,0.04855641615694517
196,2021-10-27,0.0031539402192153,0.2705683015562219,0.224616023313267,0.3317644785538251,371.943359375,432.9121398925781,50.776004791259766,37.60802459716797,154.97723388671875,4551.68017578125,15235.83984375,16.979999542236328,0.0023210434999720864,-0.004430270610327525,-0.028745308042202322,-0.016502461407915114,-0.0008782633365586046,-0.005051568068462853,8.524894004491301e-06,0.0625782245710913
197,2021-10-28,0.2846591369892662,0.5383779171928754,0.0031539402192153,0.2705683015562219,376.0739440917969,437.0892333984375,51.138431549072266,38.069522857666016,156.53440856933594,4596.419921875,15448.1201171875,16.530000686645508,0.011105413264368424,0.009648825063893751,0.007137756491524705,0.012271270970525716,0.010047764071950072,0.009829281576461124,0.013932955164567495,-0.026501700101433157
198,2021-10-29,0.0296582286805517,0.369035786913477,0.2846591369892662,0.5383779171928754,377.923828125,437.9761352539063,50.802520751953125,37.9188346862793,157.20596313476562,4605.3798828125,15498.3896484375,16.260000228881836,0.004918936986369804,0.0020291093618871603,-0.0065686566236745625,-0.003958236407377913,0.004290140241800078,0.001949334719149265,0.0032540872849680103,-0.01633396530841069
199,2021-11-01,0.0921307083645198,0.4237783554869302,0.0001697446963362,0.183258877684066,379.2159118652344,438.7296142578125,51.67766571044922,37.93766784667969,156.97235107421875,4613.669921875,15595.919921875,16.40999984741211,0.003418899905424988,0.0017203654337680785,0.017226408169174423,0.0004966703369502223,-0.0014860254400567152,0.0018000771431341267,0.0062929295010552,0.009225068660444258
200,2021-11-02,0.1355484887316507,0.2121858247943043,0.0921307083645198,0.4237783554869302,380.8015747070313,440.5033874511719,51.19147491455078,38.03185272216797,158.35433959960938,4630.64990234375,15649.599609375,16.030000686645508,0.004181424861624539,0.004042975754805278,-0.009408141587171737,0.0024826216484608032,0.00880402514158174,0.0036803630854131963,0.0034419058169636862,-0.023156560895795986
201,2021-11-03,0.1003005931506408,0.3651091548379658,0.1355484887316507,0.2121858247943043,384.8438720703125,443.1927795410156,50.76716613769531,38.17313766479492,159.2789764404297,4660.56982421875,15811.580078125,15.100000381469728,0.010615232792540619,0.006105269939931768,-0.008288660906210055,0.0037149108579872525,0.005839036954454313,0.006461279195357994,0.010350454503191608,-0.05801623614093521
202,2021-11-04,0.1884593063074874,0.3673102266840226,0.1003005931506408,0.3651091548379658,389.7771301269531,445.2813415527344,50.8378791809082,37.673954010009766,161.77037048339844,4680.06005859375,15940.3095703125,15.4399995803833,0.012818855683219166,0.004712536187709837,0.001392889313953427,-0.013076830601890133,0.015641700484561705,0.004181942361150437,0.008141469198615692,0.022516502670477445
203,2021-11-05,0.0187547250412819,0.2519068347285111,0.1884593063074874,0.3673102266840226,390.1490173339844,446.8262939453125,51.50086212158203,37.69279098510742,162.6073760986328,4697.52978515625,15971.58984375,16.479999542236328,0.0009541021734911226,0.0034696095443629282,0.013041121135572542,0.0004999999493722207,0.005174035348582295,0.003732799652949259,0.0019623378893316445,0.06735751231330078
204,2021-11-08,-0.0567989440445143,0.3172886386314709,0.0744173965484396,0.1985285706407717,389.62054443359375,447.2076721191406,51.96937942504883,37.900001525878906,163.48326110839844,4701.7001953125,15982.3603515625,17.219999313354492,-0.0013545411545615726,0.0008535267037681482,0.009097271077923574,0.00549735202292001,0.005386502327141329,0.0008877879113036169,0.0006743541449454327,0.044902899980162614
205,2021-11-09,0.0158361168035895,0.2706795615172795,-0.0567989440445143,0.3172886386314709,386.9386291503906,445.72955322265625,52.18153381347656,37.69279098510742,162.811767578125,4685.25,15886.5400390625,17.780000686645508,-0.006883403150883427,-0.00330521810925144,0.004082295974569217,-0.0054672963701596355,-0.00410741458006636,-0.003498775895770745,-0.005995379305199555,0.03252040624976815
206,2021-11-10,1.4268074058539531e-06,0.3624379343753003,0.0158361168035895,0.2706795615172795,381.2517700195313,442.1437377929688,50.802520751953125,37.62685775756836,160.1256103515625,4646.7099609375,15622.7099609375,18.729999542236328,-0.01469705711044167,-0.00804482315287769,-0.02642722359317251,-0.0017492264652175793,-0.016498544709144247,-0.008225823395229703,-0.01660714526110052,0.05343075471894454
207,2021-11-11,-0.0646232521853738,0.33623322727349,1.4268074058539531e-06,0.3624379343753003,382.3088684082031,442.2867736816406,50.99700164794922,37.73046875,160.875,4649.27001953125,15704.2802734375,17.65999984741211,0.0027727042122784873,0.00032350540434156194,0.0038281741361940735,0.0027536445668465692,0.004680011191165345,0.0005509400447352153,0.005221265241686979,-0.057127587879079234
208,2021-11-12,-0.0009762140228607,0.417695844391981,-0.0646232521853738,0.33623322727349,386.3317565917969,445.6246948242188,50.87323760986328,37.81523513793945,162.83120727539062,4682.85009765625,15860.9599609375,16.290000915527344,0.01052261277731703,0.007546961250486817,-0.0024268885245514182,0.0022466296006316,0.012159796583624649,0.007222656026415475,0.009976877944862572,-0.07757638412921752
209,2021-11-15,0.0328684791942061,0.2666107074757582,0.0420854228874395,0.300129623271931,386.2436218261719,445.7772521972656,51.297550201416016,37.81523513793945,162.66574096679688,4682.7998046875,15853.849609375,16.489999771118164,-0.00022813233476459693,0.00034234497059681956,0.008340585570879133,0.0,-0.0010161830238960556,-1.0739820344718431e-05,-0.0004482926367641582,0.012277399898743102
210,2021-11-16,0.0731190507775154,0.3574023135268747,0.0328684791942061,0.2666107074757582,388.9941101074219,447.5415954589844,51.37710952758789,37.77756118774414,164.37864685058594,4700.89990234375,15973.8603515625,16.3700008392334,0.007121122850509698,0.003957903309381949,0.0015509381219862561,-0.0009962638089618947,0.010530219046791744,0.003865229864862485,0.007569817119782218,-0.007277072986680122
211,2021-11-17,0.0700125563264211,0.4114837072500806,0.0731190507775154,0.3574023135268747,389.1996154785156,446.4543762207031,50.590362548828125,37.34430694580078,163.8822784423828,4688.669921875,15921.5703125,17.110000610351562,0.0005282994414415043,-0.0024293143906908288,-0.015313181025439104,-0.011468560391979854,-0.003019664766156116,-0.002601625374463401,-0.003273475409930282,0.04520462633970257
212,2021-11-18,0.069441478160039,0.2888333548239559,0.0700125563264211,0.4114837072500806,393.2322387695313,447.9707336425781,50.2898063659668,37.15593338012695,165.517333984375,4704.5400390625,15993.7099609375,17.59000015258789,0.010361323934140243,0.0033964443012322043,-0.005940977050149399,-0.005044237825787556,0.009977012508811445,0.0033847802152713324,0.004530938030708143,0.028053741970408108
213,2021-11-19,-0.0050432843678078,0.3456159021441145,0.069441478160039,0.2888333548239559,395.4247741699219,447.1696166992188,48.32736206054688,36.750938415527344,166.72410583496094,4697.9599609375,16057.4404296875,17.90999984741211,0.005575675603941566,-0.0017883242881632233,-0.03902270553875076,-0.010899873257287696,0.007290909184773708,-0.001398665559303236,0.0039847207999677,0.01819213712611245
214,2021-11-22,0.0318259824565221,0.205507611453583,8.689802660626355e-05,0.1993768443355208,390.8341369628906,445.9107971191406,49.18483352661133,37.26895523071289,164.86526489257812,4682.93994140625,15854.759765625,19.170000076293945,-0.011609381877167313,-0.002815082986563744,0.017742980984357448,0.01409533572526911,-0.011149203248526418,-0.0031971365563219223,-0.012622227368676908,0.07035177217290145
215,2021-11-23,-0.0029736753353654,0.2650847755830951,0.0318259824565221,0.205507611453583,389.05279541015625,446.5020446777344,50.69644927978516,37.85290145874024,164.4856719970703,4690.7001953125,15775.1396484375,19.3799991607666,-0.004557794174728125,0.0013259323667729195,0.03073337134212273,0.01566843568359877,-0.002302443123814779,0.001657132912945114,-0.005021843179240482,0.010954568786483598
216,2021-11-24,0.0749564354596352,0.2245799198718284,-0.0029736753353654,0.2650847755830951,390.3056945800781,447.6941223144531,51.19147491455078,37.76813507080078,165.6827850341797,4701.4599609375,15845.23046875,18.57999992370605,0.0032203834150608124,0.00266981450796977,0.009764503072664077,-0.002239363025628438,0.007277916809256713,0.0022938506357221833,0.004443118848677985,-0.04127963218285846
217,2021-11-26,-0.0005570866140434,0.0754714269123846,0.0667248543695188,0.1334955991503071,382.906005859375,437.7091064453125,49.13179397583008,36.51548004150391,161.54656982421875,4594.6201171875,15491.66015625,28.6200008392334,-0.01895870038141334,-0.02230320965019794,-0.0402348426600081,-0.03316698129120277,-0.024964664911370615,-0.022724822637582465,-0.0223139898909841,0.5403660364237894
218,2021-11-29,0.0677876711407217,0.1843393637864677,0.0342406374278326,0.1598535595106723,391.2159729003906,443.0783081054688,49.41466522216797,36.62850189208984,165.58544921875,4655.27001953125,15782.830078125,22.959999084472656,0.021702367980270143,0.01226659802387986,0.005757397063031133,0.003095176359655172,0.025001331807453564,0.013200199537034996,0.01879526912792029,-0.19776385705068866
219,2021-11-30,0.1428595290991126,0.2134535804783462,0.0677876711407217,0.1843393637864677,385.4704284667969,434.45709228515625,48.256649017333984,35.75258255004883,164.20346069335938,4567.0,15537.6904296875,27.190000534057617,-0.014686374871142216,-0.019457544327041165,-0.023434666604085108,-0.02391359997800424,-0.00834607468174886,-0.01896131033450521,-0.01553204635822969,0.1842335199588756
220,2021-12-02,0.0518681129091192,0.2586438873653276,0.1428595290991126,0.2134535804783462,381.643310546875,436.2118835449219,49.13179397583008,36.41188430786133,163.44432067871094,4577.10009765625,15381.3203125,27.950000762939453,-0.009928434549815401,0.004039043880112114,0.018135220250824702,0.018440675072620705,-0.004623166962760217,0.0022115387905079498,-0.01006392281369739,0.027951460608832024
221,2021-12-06,0.0023134217601263,0.2172638526072969,0.0979730696629417,0.199325009633517,378.0119323730469,437.5374755859375,49.46770858764648,36.364776611328125,162.23751831054688,4591.669921875,15225.150390625,27.18000030517578,-0.00951511024423446,0.0030388719129865738,0.006837010917648323,-0.0012937450897874125,-0.007383568686588515,0.0031831998225710922,-0.010153219535262159,-0.027549210617005104
222,2021-12-07,0.0514055288153927,0.3155740861313575,0.0023134217601263,0.2172638526072969,389.3953857421875,446.5878601074219,50.6257209777832,37.01465606689453,167.90176391601562,4686.75,15686.919921875,21.88999938964844,0.030114005390461385,0.020684821361563133,0.023409460902863,0.01787112464658902,0.03491329049194736,0.020707080374404274,0.03032939047579708,-0.19462843473625668
223,2021-12-08,0.0761164101782785,0.2983001501729357,0.0514055288153927,0.3155740861313575,391.1376037597656,447.7704162597656,50.61688232421875,36.81687545776367,168.67059326171875,4701.2099609375,15786.990234375,19.899999618530277,0.00447416194790673,0.002647980964057828,-0.00017458820128868346,-0.005343305332174975,0.004579042695987967,0.0030852853123166657,0.006379219948745574,-0.0909090829878787
224,2021-12-09,0.0238978790764046,0.2094574554630379,0.0761164101782785,0.2983001501729357,385.3823547363281,444.7473449707031,50.22793197631836,36.74151992797852,166.8506622314453,4667.4501953125,15517.3701171875,21.57999992370605,-0.014714128654764513,-0.006751386825226802,-0.007684201990336481,-0.0020467660236838103,-0.010789853732532606,-0.007181080169894716,-0.017078626969719846,0.08442212750654576
225,2021-12-10,0.0497330232473162,0.2623818046978663,0.0238978790764046,0.2094574554630379,389.5715942382813,448.9339294433594,50.59920883178711,36.77919769287109,170.1985626220703,4712.02001953125,15630.599609375,18.690000534057617,0.010870345905741763,0.00941339958517795,0.007391840373675018,0.0010254819334207799,0.02006525084078481,0.009549073338481762,0.007296951180025157,-0.1339202687611557
226,2021-12-13,0.0251554150653554,0.2110088113565632,0.0578398826826562,0.2798788810572937,383.9434509277344,444.95709228515625,49.19367599487305,36.38361740112305,167.6681671142578,4668.97021484375,15413.2802734375,20.309999465942383,-0.014447006388007999,-0.008858401865802557,-0.02777776311852309,-0.01075554434469661,-0.014867314205416093,-0.009136167611567658,-0.01390345484936839,0.08667730795045947
227,2021-12-14,0.0601566530273852,0.224786346449883,0.0251554150653554,0.2110088113565632,379.9695129394531,441.8957214355469,48.9903564453125,36.600242614746094,164.91392517089844,4634.08984375,15237.6396484375,21.88999938964844,-0.010350321065976997,-0.00688014845181395,-0.004133042417519994,0.005953921822417829,-0.016426743315458903,-0.0074706775774360246,-0.0113954084973521,0.07779418834331064
228,2021-12-15,0.0966025164124032,0.2272115018523211,0.0601566530273852,0.224786346449883,388.6319274902344,448.8004150390625,48.75168228149414,36.70385360717773,169.28375244140625,4709.85009765625,15565.580078125,19.290000915527344,0.022797656800853883,0.015625165097966853,-0.004871860119752158,0.0028308826671517018,0.02649762453946458,0.016348464630746795,0.021521734156584316,-0.11877563027025984
229,2021-12-16,0.0051312918031425,0.3772749382632897,0.0966025164124032,0.2272115018523211,378.6383666992188,444.8426818847656,49.061073303222656,37.16535568237305,164.4856719970703,4668.669921875,15180.4296875,20.56999969482422,-0.025714718951562965,-0.0088184703526899,0.00634626349798717,0.012573668153064599,-0.028343419702943295,-0.008743415379980468,-0.024743722282876468,0.0663555582450257
230,2021-12-17,0.0278566323953189,0.2666541951368573,0.0051312918031425,0.3772749382632897,376.7492980957031,440.1082458496094,48.06217575073242,36.345947265625,163.385986328125,4620.64013671875,15169.6796875,21.56999969482422,-0.004989110374586825,-0.010642944636285345,-0.020360287397638732,-0.022047640919973244,-0.006685601582154255,-0.010287680637092622,-0.0007081485979841817,0.04861448783840361
231,2021-12-20,0.0647786260617153,0.2500381519974495,0.1678701931158788,0.2132722634601798,373.0946960449219,435.4284362792969,47.46671676635742,35.63996505737305,161.44265747070312,4568.02001953125,14980.9404296875,22.8700008392334,-0.009700355300603314,-0.010633314904787472,-0.012389347237696025,-0.01942395951582898,-0.011894097536119919,-0.01138805785140995,-0.012441874957189958,0.06026894588789067
232,2021-12-21,0.0754107096170025,0.3149059271864642,0.0647786260617153,0.2500381519974495,381.4447021484375,443.1611328125,48.81881713867188,36.37812042236328,165.52818298339844,4649.22998046875,15341.08984375,21.01000022888184,0.02238039348195464,0.01775882300953624,0.02848523058735708,0.02071145030030075,0.02530635692389227,0.017777934551572505,0.02404050772065003,-0.08132927599900808
233,2021-12-22,0.0126772508586626,0.2450431136572592,0.0754107096170025,0.3149059271864642,386.0901489257813,447.59222412109375,49.13220977783203,36.548465728759766,167.6928253173828,4696.56005859375,15521.8896484375,18.6299991607666,0.012178558913464865,0.00999882656782658,0.006419504968134371,0.004682630779675012,0.013077182960447686,0.010180197220578835,0.011785329890441787,-0.11327944037066306
234,2021-12-23,-0.0084707590018548,0.2987205524462515,0.0126772508586626,0.2450431136572592,389.00091552734375,450.3771667480469,49.15907287597656,36.73774719238281,168.62890625,4725.7900390625,15653.3701171875,17.959999084472656,0.007539085391484512,0.006222053192326493,0.0005467512710297662,0.005178916812206946,0.00558211677121867,0.006223699921661829,0.008470648337796538,-0.035963505446898525
235,2021-12-27,0.0546193021986312,0.2291451467920995,0.0261735126212881,0.3057836147946744,395.4300537109375,456.7509765625,50.23359680175781,37.11628341674805,172.24644470214844,4791.18994140625,15871.259765625,17.68000030517578,0.016527308617971137,0.014152160200472164,0.02185809989728993,0.010303740792350968,0.021452659170932753,0.01383893524747526,0.013919663740542099,-0.015590133272275541
236,2021-12-28,0.0424420868971675,0.2742917813222354,0.0546193021986312,0.2291451467920995,393.5973205566406,456.377685546875,50.1977767944336,37.13521194458008,171.34934997558594,4786.35009765625,15781.7197265625,17.540000915527344,-0.00463478467834566,-0.0008172746962346045,-0.0007130687349657938,0.0005099790735914045,-0.00520820460540572,-0.0010101548486260992,-0.005641646623189445,-0.007918517377369816
237,2021-12-29,0.0930925081516088,0.2985012602904801,0.0424420868971675,0.2742917813222354,393.53851318359375,456.9615478515625,49.87542724609375,37.08789443969727,171.49562072753906,4793.06005859375,15766.2197265625,16.950000762939453,-0.00014940999334978056,0.0012793401675366134,-0.0064215901365495265,-0.0012741950942254388,0.0008536405418169135,0.0014018951394270118,-0.000982148984303155,-0.03363740717171748
238,2021-12-30,0.0286101996176807,0.2625744487022603,0.0930925081516088,0.2985012602904801,392.3624572753906,455.6982421875,49.57097244262695,37.02164840698242,170.3645477294922,4778.72998046875,15741.5595703125,17.329999923706055,-0.0029884137608012784,-0.0027645776105276187,-0.006104304670204952,-0.0017861901764890664,-0.006595346244111067,-0.0029897555945093135,-0.001564113444927684,0.02241882853465449
