date,cluster,sentiment_score,positive_score,negative_score,neutral_score,num_samples
2021-01-01,0,0.05424871596381886,0.05482619245654062,0.0005774764927217629,0.9445963180845692,21
2021-01-01,1,0.3801597153350313,0.40790699137515923,0.027747276040127965,0.5643457394581477,68
2021-01-02,0,0.026682578773504773,0.04508127727135354,0.018398698497848767,0.9365200230597772,44
2021-01-02,1,0.18899365176603378,0.22929735983375946,0.04030370806772568,0.730398926795015,97
2021-01-03,0,0.03828160736339276,0.07523281076285313,0.03695120339946036,0.8878159879512334,44
2021-01-03,1,0.29690450610727825,0.3208148213666903,0.023910315259412073,0.6552748656138797,112
2021-01-04,0,-0.06554431808136688,0.003957816188424041,0.06950213426979092,0.9265400605010135,14
2021-01-04,1,0.489640870553518,0.5543068161314957,0.06466594557797767,0.38102722543054957,55
2021-01-05,0,0.03739746499433532,0.07626337826981351,0.03886591327547819,0.884870702245042,65
2021-01-05,1,0.3173286228422274,0.37173667498508095,0.054408052142853575,0.5738552782674236,170
2021-01-06,0,0.12236797271645977,0.13542341688137577,0.013055444164915997,0.8515211462974548,20
2021-01-06,1,0.24095575348286935,0.2825087525811823,0.04155299909831295,0.6759382433880806,42
2021-01-07,0,0.060187376262378856,0.09408799189782208,0.03390061563544322,0.872011389352411,114
2021-01-07,1,0.3489324411558265,0.3866137805304377,0.03768133937461122,0.5757048769742794,236
2021-01-08,0,0.08308005504533655,0.12874339956336248,0.04566334451802593,0.8255932704185266,59
2021-01-08,1,0.33839776251248493,0.35707631920338706,0.018678556690902147,0.6242451238851234,174
2021-01-09,0,-0.032655116849582305,0.10774266943038871,0.14039778627997102,0.7518595487383583,28
2021-01-09,1,0.25083404059846753,0.2754084202440367,0.024574379645569168,0.7000172009397894,40
2021-01-10,0,0.09793418214657258,0.0982131904644015,0.00027900831782891685,0.9015078119045146,19
2021-01-10,1,0.38260261628866166,0.41209205661354764,0.029489440324885968,0.5584185056126848,61
2021-01-11,0,0.11031803742640825,0.11401153911979761,0.0036935016933893595,0.8822949549040074,26
2021-01-11,1,0.45880605835428706,0.4641414997056422,0.005335441351355171,0.5305230634312953,91
2021-01-12,0,-0.042736646705882286,0.023986546504937145,0.06672319321081943,0.9092902757636807,32
2021-01-12,1,0.14355202887971832,0.20668182032995427,0.06312979145023595,0.7301883895518089,60
2021-01-13,0,-0.005433710872769025,0.02359730285369948,0.029031013726468505,0.9473716870615785,70
2021-01-13,1,0.31209495874349164,0.3804914968620194,0.06839653811852774,0.5511119679550737,178
2021-01-14,0,0.03108716347776222,0.07350208183593818,0.04241491835817596,0.8840829896842123,63
2021-01-14,1,0.35604433225005,0.39587952784337965,0.03983519559332967,0.5642852807371888,124
2021-01-15,0,-0.02372701086296626,0.007131682318105724,0.030858693181071983,0.9620096372981966,33
2021-01-15,1,0.24538247631212953,0.31510024740515724,0.06971777109302771,0.6151819833355135,90
2021-01-16,0,0.04658523800340412,0.06408947301417249,0.017504235010768372,0.9184062907896549,81
2021-01-16,1,0.2162659817124783,0.26752852433382923,0.05126254262135093,0.6812089278488629,118
2021-01-17,0,-0.02700512351001579,0.0013598662050139747,0.028364989715029765,0.9702751410756415,48
2021-01-17,1,0.31035413038692894,0.34073910087657516,0.03038497048964622,0.6288759272298048,120
2021-01-18,0,0.06194078017614402,0.06311277003527493,0.0011719898591309175,0.9357152180444075,16
2021-01-18,1,0.30268565340161935,0.3668503484665243,0.06416469506490498,0.5689849463953116,62
2021-01-19,0,-0.03860533796093182,0.036263740057446876,0.07486907801837869,0.8888671669867888,28
2021-01-19,1,0.38260355883437436,0.406300258874541,0.02369670004016664,0.5700030349232891,120
2021-01-21,0,-0.057635756574580414,0.030680401344101223,0.08831615791868164,0.8810034306678811,34
2021-01-21,1,0.25356877143286494,0.28705827178137844,0.0334895003485135,0.6794522273500359,74
2021-01-22,0,-0.01719667555424994,0.04953545351192818,0.06673212906617812,0.8837324297055602,43
2021-01-22,1,0.260329075862637,0.3247618975991846,0.0644328217365476,0.6108052743298807,121
2021-01-23,0,0.07827889413435556,0.12395135478236212,0.04567246064800656,0.8303761777979989,22
2021-01-23,1,0.297632695946758,0.33847756879758245,0.04084487285082446,0.6206775616921725,67
2021-01-24,0,0.15817671760540747,0.19178487393241767,0.03360815632701019,0.7746069861321757,25
2021-01-24,1,0.216794502072998,0.28492601476668017,0.06813151269368219,0.6469424626948156,48
2021-01-25,0,-0.0009783219710671428,0.00041943603300483923,0.001397758004071982,0.9981827806023991,17
2021-01-25,1,0.19746551058962086,0.2872482086328747,0.08978269804325385,0.6229690870000306,69
2021-01-26,0,0.022064326177500572,0.05689037350490816,0.034826047327407586,0.9082835968293315,55
2021-01-26,1,0.2375901287317384,0.31788171488578,0.0802915861540416,0.6018266968587426,152
2021-01-27,0,-0.022207297244520252,0.01601096294149236,0.03821826018601261,0.9457707744870276,65
2021-01-27,1,0.26821626195330617,0.3285863938487424,0.06037013189543622,0.6110434764114167,203
2021-01-28,0,-0.010562120335777081,0.03354462714703743,0.04410674748281451,0.9223486268488159,34
2021-01-28,1,0.20985997741135548,0.30341197258334274,0.09355199517198727,0.6030360242799874,133
2021-01-29,0,0.06497725949471256,0.09204062388245447,0.02706336438774191,0.880896016287146,66
2021-01-29,1,0.30931933750530305,0.3739637336908861,0.06464439618558301,0.5613918775413901,181
2021-01-30,0,0.04893005420118989,0.06778447222566147,0.018854418024471582,0.9133610971129626,81
2021-01-30,1,0.31549781441661995,0.35484191975080875,0.03934410533418882,0.6058139698113759,151
2021-01-31,0,0.11444002072002267,0.11605318186361217,0.001613161143589501,0.8823336621658924,50
2021-01-31,1,0.2242360618627247,0.2711201855915618,0.04688412372883711,0.6819956986592957,103
2021-02-01,0,0.003607870448549738,0.08163308788171889,0.07802521743316915,0.8403417119959702,64
2021-02-01,1,0.3288313531602869,0.393689745212557,0.06485839205227012,0.5414518615638395,164
2021-02-02,0,0.09439816087878289,0.12222859756794173,0.027830436689158838,0.8499409677219006,81
2021-02-02,1,0.3038515991828653,0.3584000312696015,0.054548432086736216,0.5870515415368377,234
2021-02-03,0,0.05858778406903302,0.0690039475038383,0.01041616343480528,0.9205798870975157,74
2021-02-03,1,0.3211782999854104,0.3449370912596989,0.02375879127428846,0.631304121147743,223
2021-02-04,0,0.041615383537861206,0.07313761996711535,0.03152223642925414,0.8953401406810336,83
2021-02-04,1,0.3336258618496496,0.3940404609299286,0.06041459908027904,0.5455449397662122,210
2021-02-05,0,0.015470885361771125,0.03045406245894494,0.014983177097173816,0.9545627557019498,82
2021-02-05,1,0.2706807550929999,0.32412571200519724,0.053444956912197375,0.6224293341963932,204
2021-02-06,0,-0.017809682859323862,0.05859140335018676,0.07640108620951062,0.8650074982459259,34
2021-02-06,1,0.17554649658156476,0.25244115748098245,0.07689466089941768,0.670664176053441,93
2021-02-07,0,0.04805976335945222,0.07093657050026439,0.02287680714081217,0.9061866245595803,51
2021-02-07,1,0.33469427390804296,0.3602195574596847,0.025525283551641766,0.6142551637973831,145
2021-02-08,0,0.05322717127888077,0.11027319755087919,0.05704602627199842,0.8326807765819872,62
2021-02-08,1,0.26575173474624886,0.3364397183101886,0.07068798356393974,0.5928723014069563,152
2021-02-09,0,0.07031247522117257,0.09336003680836447,0.0230475615871919,0.8835924009067355,64
2021-02-09,1,0.3439665593898604,0.41038888277698954,0.06642232338712911,0.523188793608145,170
2021-02-10,0,0.006917654166050127,0.04709034079536649,0.04017268662931636,0.9127369556316927,69
2021-02-10,1,0.29948680933914745,0.3678169549415332,0.06833014560238575,0.5638528992882555,172
2021-02-11,0,0.013616547758057821,0.030011000034085283,0.01639445227602746,0.9535945476610048,86
2021-02-11,1,0.27975377220940567,0.3421100915504403,0.062356319341034666,0.5955335900909853,208
2021-02-12,0,0.06524205360488872,0.09374300434615727,0.028500950741268554,0.8777560419196134,83
2021-02-12,1,0.2634735241176602,0.32467809614088533,0.06120457202322514,0.6141173272493823,184
2021-02-13,0,0.014447423610491231,0.04453581265653297,0.030088389046041737,0.925375786781007,49
2021-02-13,1,0.25041954159405017,0.28229674840620494,0.0318772068121548,0.6858260526013958,121
2021-02-14,0,0.07943545721474773,0.07952362383764162,8.81666228938879e-05,0.9203881980169432,14
2021-02-14,1,0.27025482687683866,0.3101402230063647,0.03988539612952599,0.649974383587869,63
2021-02-15,0,0.0028592621302898705,0.043606728507525644,0.04074746637723577,0.9156458029014377,128
2021-02-15,1,0.34328414238335364,0.3902585088687521,0.04697436648539845,0.5627671293973205,240
2021-02-16,0,-0.006587175384234239,0.021377499191430616,0.027964674575664854,0.9506578283957564,65
2021-02-16,1,0.2983693350904617,0.34108100356211374,0.04271166847165204,0.6162073251170823,134
2021-02-17,0,0.0031397238251390375,0.05236476483485875,0.049225041009719715,0.8984101997976581,71
2021-02-17,1,0.17114226530966758,0.25154238241751,0.08040011710784241,0.6680575019117967,177
2021-02-18,0,-0.00876434339150977,0.03450048761378358,0.04326483100529335,0.9222346854272848,100
2021-02-18,1,0.2933578917835061,0.34478613354627374,0.05142824176276765,0.603785628447224,261
2021-02-19,0,0.0201878071390885,0.022410099915072042,0.0022222927759835416,0.9753676238963995,53
2021-02-19,1,0.36020354289783324,0.3984406582537931,0.03823711535595987,0.5633222323331617,158
2021-02-20,0,-0.005075362939611951,0.03347914618673234,0.03855450912634429,0.927966339768318,60
2021-02-20,1,0.23032855960779391,0.2925896658391318,0.06226110623133792,0.6451492321432615,63
2021-02-21,0,0.07129365331599251,0.0715674563267876,0.000273803010795096,0.9281587245371027,28
2021-02-21,1,0.29176206114160913,0.3691546588766907,0.07739259773508156,0.5534527368012763,30
2021-02-22,0,0.029155922428951583,0.10263209080987576,0.07347616838092418,0.8238917469195175,55
2021-02-22,1,0.2801933003564949,0.3390052031968826,0.058811902840387655,0.6021828933704246,138
2021-02-23,0,0.09667120807292595,0.12108789842773995,0.024416690354814006,0.8544954063075542,42
2021-02-23,1,0.23568646833940904,0.2963679262849361,0.06068145794552705,0.6429506119048091,105
2021-02-24,0,0.05313032164630625,0.05843816867865083,0.005307847032344577,0.9362539909579141,70
2021-02-24,1,0.29452552095249646,0.3560299359770225,0.06150441502452604,0.5824656502594728,182
2021-02-25,0,0.049173204383212724,0.08001573685730556,0.030842532474092844,0.8891417194574623,65
2021-02-25,1,0.24272405247451656,0.3508638527388705,0.10813980026435395,0.5409963466500903,189
2021-02-26,0,0.051305918207398236,0.08214145714418392,0.03083553893678568,0.8870230021489928,89
2021-02-26,1,0.23953638417988543,0.35251274313902575,0.11297635895914034,0.5345108978401921,187
2021-02-27,0,0.015073275273368533,0.05142761810611723,0.036354342832748694,0.9122180271096048,56
2021-02-27,1,0.31943448061602053,0.35773341740075326,0.038298936784732736,0.6039676425861568,98
2021-02-28,0,0.07818825719789847,0.11002874662657101,0.03184048942867254,0.8581307484114371,59
2021-02-28,1,0.2509356820790551,0.30334825449235725,0.05241257241330216,0.644239165129921,95
2021-03-01,0,0.08476839928562166,0.13656243773784887,0.05179403845222721,0.8116435169333318,57
2021-03-01,1,0.3410298452866025,0.3841912415625626,0.043161396275960114,0.5726473599711737,174
2021-03-02,0,-0.0063053808495305355,0.03670090196820682,0.04300628281773736,0.920292819447626,59
2021-03-02,1,0.2834269050758256,0.3391587465597781,0.05573184148395257,0.6051094067101375,145
2021-03-03,0,0.05076872343266608,0.051826290309519026,0.0010575668768529505,0.9471161411942872,55
2021-03-03,1,0.2980318897800917,0.36188296648200385,0.06385107670191216,0.5742659519882319,147
2021-03-04,0,0.02652261555456962,0.06966985941176441,0.043147243857194796,0.8871828948262502,75
2021-03-04,1,0.25865789798960803,0.3225485922682033,0.06389069427859531,0.6135607113491969,232
2021-03-05,0,0.03805925781074005,0.06546915288876695,0.0274098950780269,0.9071209582052442,75
2021-03-05,1,0.24611458187417196,0.32966688301703734,0.08355230114286537,0.5867808261465043,194
2021-03-06,0,0.06953537666393185,0.10524145109175591,0.03570607442782406,0.8590524719200568,44
2021-03-06,1,0.2506521677956415,0.32608632367685614,0.07543415588121466,0.5984795177523781,97
2021-03-07,0,-0.03426044044178295,0.06336476652005216,0.0976252069618351,0.8390100281310954,73
2021-03-07,1,0.34130860176405503,0.38448069330177076,0.04317209153771572,0.5723472193998235,110
2021-03-08,0,0.07609089520126464,0.08867539557098515,0.012584500369720522,0.8987401048277079,43
2021-03-08,1,0.30438716563404283,0.3582419334380445,0.05385476780400167,0.5879033013484081,137
2021-03-09,0,0.0764633394442579,0.08671294958676241,0.010249610142504514,0.9030374410005534,63
2021-03-09,1,0.22204089567244312,0.2837432761034749,0.061702380431031774,0.6545543435948639,136
2021-03-10,0,0.12046160464437872,0.12811377351028153,0.007652168865902809,0.8642340548271932,16
2021-03-10,1,0.26555852870697644,0.3210571184984835,0.05549858979150705,0.6234442983726831,62
2021-03-11,0,0.0023187691241759387,0.05405362061295007,0.05173485148877413,0.8942115212003722,74
2021-03-11,1,0.2785109266165944,0.33000527954674025,0.05149435293014588,0.6185003635120216,208
2021-03-12,0,-0.009714180129809284,5.4314918302183015e-05,0.009768495048111467,0.9901771832395483,27
2021-03-12,1,0.2866935577928387,0.3430137849331211,0.05632022714028239,0.6006659926224683,68
2021-03-13,0,0.003554763243131602,0.003671643588855421,0.00011688034572381929,0.9962114691734314,22
2021-03-13,1,0.25912832446245976,0.3043592351261617,0.045230910663701954,0.650409869420376,39
2021-03-14,0,0.08360278687483677,0.08778215523685545,0.004179368362018683,0.9080384545979996,26
2021-03-14,1,0.35382858478175344,0.38379520119380384,0.029966616412050378,0.5862381733464175,60
2021-03-15,0,0.06504983464310432,0.10876654255739343,0.04371670791428912,0.8475167385694931,90
2021-03-15,1,0.3470173526071526,0.38334961523284466,0.03633226262569203,0.5803181222115043,227
2021-03-16,0,0.030354716814001176,0.05518829213635767,0.024833575322356492,0.9199781446650027,39
2021-03-16,1,0.33610428101328477,0.4054459315967579,0.06934165058347312,0.525212415985997,70
2021-03-17,0,0.09242400002862027,0.0933944498344301,0.0009704498058098394,0.9056350903979554,54
2021-03-17,1,0.26997768587003557,0.29917712566094057,0.02919943979090498,0.6716234338459655,146
2021-03-18,0,0.02995331294826779,0.03058368816441654,0.0006303752161487511,0.9687859468619232,36
2021-03-18,1,0.29547253577881,0.3111483697120989,0.0156758339332889,0.6731757962353215,86
2021-03-19,0,0.09461084500089582,0.12201606235102021,0.027405217350124387,0.8505787174539292,66
2021-03-19,1,0.2991309347332207,0.33638248229744516,0.03725154756422444,0.6263659713418095,157
2021-03-20,0,0.22656369988700764,0.2266259145543606,6.221466735295882e-05,0.7733118839310343,17
2021-03-20,1,0.41980610038165406,0.44671088695428296,0.026904786572628916,0.5263843142514636,59
2021-03-21,0,-0.012917136595125278,0.0723903816242677,0.08530751821939297,0.8423020950394289,32
2021-03-21,1,0.22551493318269736,0.2713913016312706,0.04587636844857327,0.6827323365269474,140
2021-03-22,0,-0.08124672564282617,0.006938763025093269,0.08818548866791945,0.9048757502186399,27
2021-03-22,1,0.23011635186328955,0.3145935035141009,0.08447715165081138,0.6009293427255691,57
2021-03-23,0,0.010846069087545623,0.041308493454321873,0.03046242436677625,0.9282290841249293,86
2021-03-23,1,0.21790257871546823,0.2881149813280659,0.07021240261259767,0.6416726230142572,198
2021-03-24,0,0.04579055791844437,0.0871837829562763,0.041393225037831924,0.871422990418533,95
2021-03-24,1,0.23915481458961527,0.32128870192650144,0.08213388733688617,0.5965774105826267,202
2021-03-25,0,0.050778563100615355,0.08809668958423145,0.03731812648361609,0.874585191681922,71
2021-03-25,1,0.2598965901753849,0.3323795671282026,0.0724829769528177,0.595137453035764,246
2021-03-26,0,0.007433992731701939,0.030282926194957652,0.022848933463255713,0.9468681355835972,91
2021-03-26,1,0.22079498883753057,0.3033465403289054,0.08255155149137483,0.6141019108424679,179
2021-03-27,0,-0.015116636180102179,0.053701541620310454,0.06881817780041263,0.8774802761653,43
2021-03-27,1,0.18787726303615482,0.276285609195349,0.0884083461591942,0.6353060449115032,92
2021-03-28,0,0.1019184123372035,0.10460325923763306,0.0026848469004295585,0.8927118953965281,23
2021-03-28,1,0.2725617805013697,0.3530482545119803,0.0804864740106106,0.5664652695706555,57
2021-03-29,0,-0.00014520041514561044,0.04346462631298149,0.0436098267281271,0.9129255498657894,47
2021-03-29,1,0.28783102754014667,0.3773406582386764,0.08950963069852971,0.5331497104323096,121
2021-03-30,0,-0.05040592847781089,0.019914999808908693,0.07032092828671958,0.9097640630617388,75
2021-03-30,1,0.25455389089899383,0.31937984922936147,0.06482595833036765,0.6157941976318981,196
2021-03-31,0,0.017642112600925415,0.060802856559787934,0.04316074395886252,0.8960364009869891,72
2021-03-31,1,0.2660188982914878,0.32361296748505947,0.057594069193571705,0.6187929606032775,186
2021-04-01,0,-0.012307309878940936,0.04352665251649809,0.05583396239543903,0.9006393826840555,51
2021-04-01,1,0.26600422503363025,0.32218382290777126,0.05617959787414101,0.6216365750101102,206
2021-04-02,0,-0.006299774288251306,0.034302717680311,0.040602491968562304,0.9250947888940573,55
2021-04-02,1,0.3224671169843451,0.35064948262158513,0.028182365637240005,0.621168152384145,121
2021-04-03,0,0.12643314368907502,0.1311155347809456,0.0046823910918705695,0.8642020605264171,31
2021-04-03,1,0.2105381848985412,0.27354181056319693,0.06300362566465571,0.6634545638488247,82
2021-04-04,0,0.05590129858624821,0.10776323610958335,0.05186193752333514,0.8403748248662513,39
2021-04-04,1,0.38755001463442557,0.4090671089851336,0.02151709435070805,0.5694157947207026,105
2021-04-05,0,0.02713250400869776,0.07473198589693414,0.04759948188823638,0.8776685424415491,59
2021-04-05,1,0.30693762570922634,0.3790452038291701,0.07210757811994375,0.5488472146367727,171
2021-04-06,0,0.04938112651506048,0.12919399448315758,0.0798128679680971,0.7909931348786671,73
2021-04-06,1,0.3067790839918301,0.3534995262755673,0.04672044228373715,0.5997800259049526,188
2021-04-07,0,0.04428666470277946,0.12175308343970907,0.07746641873692961,0.8007805061130617,45
2021-04-07,1,0.3346431660247608,0.39291012507430684,0.05826695904954604,0.5488229123485115,117
2021-04-08,0,0.10441450956098283,0.10846134687710823,0.0040468373161253995,0.8874918254686787,38
2021-04-08,1,0.2829403983449019,0.34803993053670335,0.06509953219180145,0.5868605407526365,127
2021-04-09,0,-0.08636982353624338,0.01724487927818256,0.10361470281442595,0.8791404223228072,47
2021-04-09,1,0.32150971945862655,0.38679915468597437,0.0652894352273478,0.5479114088152516,129
2021-04-11,0,0.06379228693474204,0.08501590513382903,0.021223618199086993,0.8937604680027543,60
2021-04-11,1,0.32693452028334963,0.3654626652643088,0.03852814498095921,0.5960091824901441,140
2021-04-12,0,0.10674089517982623,0.11009911770818519,0.003358222528358965,0.8865426712375484,25
2021-04-12,1,0.22229562717249104,0.27707731933043994,0.0547816921579489,0.6681409912349832,93
2021-04-13,0,0.08044067620137767,0.09921420704224956,0.0187735308408719,0.882012249447871,40
2021-04-13,1,0.3608310975002964,0.4044525681715133,0.04362147067121692,0.5519259626125941,130
2021-04-14,0,0.03620398671551422,0.04146886021523458,0.005264873499720365,0.9532662745420206,53
2021-04-14,1,0.358006727890419,0.41749241063570014,0.059485682745281154,0.5230219081408882,165
2021-04-15,0,0.0655151013960429,0.09660275783736022,0.031087656441317318,0.8723095884049852,36
2021-04-15,1,0.32113812263590774,0.35933632765848555,0.03819820502257779,0.6024654708086422,164
2021-04-16,0,-0.004318670822951384,0.03816551501289157,0.04248418583584295,0.9193503089828972,26
2021-04-16,1,0.3378361803271295,0.3561766129266566,0.018340432599527126,0.6254829622727739,72
2021-04-17,0,0.008376529258199258,0.020943604187338264,0.012567074929139006,0.9664893141564201,34
2021-04-17,1,0.33444273043609524,0.35548983498959424,0.02104710455349899,0.6234630675965882,51
2021-04-18,0,0.022184959257541367,0.03100400447002645,0.008819045212485084,0.960176968230651,26
2021-04-18,1,0.3898260501768307,0.41827182107297933,0.028445770896148616,0.5532824087930891,60
2021-04-19,0,0.06898015892387946,0.09804874818945138,0.029068589265571917,0.8728826668638314,50
2021-04-19,1,0.3662477826143715,0.443907816718347,0.07766003410397546,0.47843214771893117,125
2021-04-20,0,0.0027264683453814,0.11727801476790388,0.11455154642252248,0.7681704553875274,28
2021-04-20,1,0.3188424598407137,0.38531150974286527,0.06646904990215159,0.5482194428923551,92
2021-04-21,0,0.10033244774664649,0.10090786829853192,0.0005754205518854302,0.8985167186268989,51
2021-04-21,1,0.33357844137262616,0.39848323062508106,0.06490478925245488,0.5366119760151603,186
2021-04-22,0,0.07638946240476059,0.11960364051044507,0.04321417810568448,0.8371821829133023,25
2021-04-22,1,0.30469532888185424,0.3831208262244748,0.07842549734262055,0.5384536857202328,75
2021-04-24,0,-0.003470865329535548,0.05163757063829989,0.05510843596783544,0.8932539761360538,19
2021-04-24,1,0.33492101572471056,0.39376674830721675,0.058845732582506215,0.5473875179632566,56
2021-04-25,0,0.05113772991621031,0.06952362947172226,0.01838589955551195,0.9120904760079717,43
2021-04-25,1,0.39254360518372716,0.42784246709976514,0.03529886191603796,0.536858667704467,112
2021-04-26,0,0.18826361667382538,0.18931767011531242,0.0010540534414870534,0.809628274112514,41
2021-04-26,1,0.32542727032852065,0.3834705588408966,0.058043288512375966,0.5584861537738558,103
2021-04-27,0,-0.20054198000373574,0.0001688689074771074,0.20071084891121285,0.7991202991615864,11
2021-04-27,1,0.3461334584779763,0.41012989712424996,0.06399643864627368,0.5258736699160622,50
2021-04-28,0,0.03799473090702765,0.06180379156630611,0.023809060659278458,0.9143871576528207,48
2021-04-28,1,0.3877474758026087,0.44911368249509487,0.06136620669248616,0.4895201147199364,189
2021-04-29,0,0.015371678897812066,0.015433517025485344,6.18381276732786e-05,0.9845046401023865,6
2021-04-29,1,0.3452536758481246,0.36862209652961186,0.023368420681487246,0.6080094690461563,38
2021-04-30,0,0.029464844424246364,0.06980512122209986,0.0403402767978535,0.8898545967128414,26
2021-04-30,1,0.40242208278834124,0.4450660944611676,0.042644011672826394,0.5122898998051009,110
2021-05-01,0,0.013083065719752082,0.05354329344742382,0.04046022772767174,0.9059964833029517,25
2021-05-01,1,0.28473063733700127,0.3202749361591941,0.03554429882219282,0.6441807604372849,83
2021-05-02,0,0.22208545215586312,0.22294515000998472,0.0008596978541215952,0.7761951334631214,13
2021-05-02,1,0.10578881801259296,0.23718581136756042,0.13139699335496746,0.63141718200135,51
2021-05-03,0,0.02198158261931886,0.07018531592108823,0.04820373330176937,0.8816109303240551,29
2021-05-03,1,0.3151012466615387,0.3561381379335726,0.04103689127203388,0.6028249704973554,108
2021-05-04,0,0.018460421461190497,0.03946963893929677,0.02100921747810627,0.9395211377271068,43
2021-05-04,1,0.27226259831179744,0.309609909034523,0.03734731072272554,0.6530427824622549,157
2021-05-05,0,0.0803384759184355,0.10247409032249521,0.022135614404059714,0.8753902891651338,52
2021-05-05,1,0.3169289741549345,0.3719766376628003,0.055047663507865816,0.5729757032983651,160
2021-05-06,0,0.16118955569336524,0.16141647111515015,0.0002269154217849005,0.8383566125384306,31
2021-05-06,1,0.39297364639110083,0.4377639421790797,0.044790295787978905,0.5174457655543131,112
2021-05-07,0,0.055080105848815016,0.06023770803895329,0.005157602190138277,0.9346046922935561,49
2021-05-07,1,0.37776526150850426,0.4257311411927368,0.047965879684232535,0.5263029848817866,176
2021-05-08,0,0.014470802241510705,0.07739390625744136,0.06292310401593065,0.8596829978627245,16
2021-05-08,1,0.23607858903283052,0.29485211572526,0.058773526692429454,0.646374362445723,40
2021-05-09,0,0.04459494957835444,0.04470226825915431,0.00010731868079986693,0.9551904102243105,23
2021-05-09,1,0.24871528352682065,0.33118999132557064,0.08247470779875,0.5863353038273996,101
2021-05-10,0,0.09996437203385496,0.11129706547038766,0.011332693436532702,0.8773702366594835,43
2021-05-10,1,0.2839937377268573,0.33722357319715496,0.053229835470297616,0.6095465886902941,126
2021-05-11,0,0.09643760639496135,0.14401761681740377,0.04758001042244242,0.8084023843966861,44
2021-05-11,1,0.26071656903336504,0.29947840732194647,0.0387618382885814,0.6617597548449218,130
2021-05-12,0,0.014653259795202767,0.07139573000265606,0.056742470207453294,0.8718617976293871,58
2021-05-12,1,0.4217724269436651,0.457775044595035,0.03600261765136984,0.506222343209576,185
2021-05-13,0,-0.010164117807107683,0.031066507222544438,0.04123062502965212,0.9277028659321886,41
2021-05-13,1,0.3150537691381623,0.3701220027974995,0.05506823365933722,0.5748097640980172,155
2021-05-14,0,-0.04408476327629124,0.03992015951878329,0.08400492279507453,0.8760749257326482,40
2021-05-14,1,0.29580918013194657,0.36040053980910464,0.0645913596771581,0.5750080973097094,151
2021-05-15,0,0.014741769161877336,0.04062799952335492,0.025886230361477584,0.933485762168534,38
2021-05-15,1,0.36919655387200134,0.40330313246059446,0.0341065785885931,0.5625902884706645,72
2021-05-16,0,0.039230933095323064,0.045374915146208394,0.006143982050885329,0.9484811110252683,22
2021-05-16,1,0.34033997672537875,0.3827598773567588,0.04241990063138007,0.5748202197863626,42
2021-05-17,0,0.05477815513592692,0.05759177757995844,0.0028136224440315234,0.939594597012349,49
2021-05-17,1,0.3380288289648494,0.3958262579262198,0.05779742896137034,0.5463763058963753,136
2021-05-18,0,0.028019530932620672,0.050285356939346056,0.022265826006725383,0.9274488077050013,66
2021-05-18,1,0.2925046374843867,0.3445795072386955,0.0520748697543088,0.6033456255553098,224
2021-05-19,0,0.09394934829911915,0.1224852249961185,0.028535876696999352,0.8489789033111468,23
2021-05-19,1,0.2758396853792123,0.3259734188454965,0.05013373346628424,0.6238928438718043,57
2021-05-20,0,0.045091108300608605,0.052992754899745885,0.00790164659913728,0.9391056098538684,40
2021-05-20,1,0.3338490364936434,0.38705481944372566,0.05320578295008226,0.5597394009659606,167
2021-05-21,0,0.06970079776922818,0.07530281756395867,0.005602019794730495,0.9190951565554012,45
2021-05-21,1,0.29814819459193564,0.37316168141538597,0.07501348682345035,0.55182482908252,128
2021-05-22,0,0.04207492855861769,0.08397356005939184,0.04189863150077415,0.8741278188979431,21
2021-05-22,1,0.15876754873515372,0.24718847760300905,0.08842092886785533,0.6643905846946976,54
2021-05-23,0,0.09142612154140166,0.09165278261807233,0.0002266610766706766,0.908120579100796,11
2021-05-23,1,0.265235422550652,0.3283648510470584,0.06312942849640643,0.6085057224594046,20
2021-05-24,0,0.13847073618453104,0.15125391104817032,0.012783174863639286,0.8359629151003093,45
2021-05-24,1,0.28421273784017315,0.35997624816808876,0.07576351032791563,0.564260238412093,144
2021-05-25,0,0.006796855792545832,0.04316684909598681,0.03636999330344098,0.9204631500366669,59
2021-05-25,1,0.23279928373966705,0.29042154539271936,0.05762226165305232,0.6519561892146962,158
2021-05-26,0,0.04709539590116913,0.05682096712681112,0.009725571225641987,0.933453459288767,73
2021-05-26,1,0.30793744492666575,0.3591772418157626,0.05123979688909687,0.5895829547563695,156
2021-05-28,0,0.06783534608631459,0.08381198670612293,0.015976640619808344,0.9002113693483942,67
2021-05-28,1,0.33386344099011855,0.3806551364718532,0.04679169548173459,0.5725531676624537,211
2021-05-29,0,-0.026925663659439526,0.060657542428682994,0.08758320608812252,0.8517592535689623,46
2021-05-29,1,0.3158014427335707,0.3863335966685417,0.07053215393497106,0.5431342392746515,78
2021-05-30,0,0.06450836279797635,0.0953647831979213,0.030856420399944944,0.8737788055333837,35
2021-05-30,1,0.3015687873275291,0.32795483835398187,0.02638605102645275,0.6456591147826614,64
2021-05-31,0,0.16755692424019303,0.2117485814711026,0.04419165723090957,0.7440597711205723,23
2021-05-31,1,0.27609734821400517,0.29703798684491906,0.020940638630913902,0.6820213732248843,69
2021-06-01,0,-0.006344609057123307,0.036388484699198385,0.04273309375632169,0.9208784075737817,41
2021-06-01,1,0.30126119065430945,0.3536449460589055,0.052383755404596055,0.5939712988191167,161
2021-06-02,0,0.1300572777235743,0.13049183274202392,0.00043455501844960056,0.8690736260447011,10
2021-06-02,1,0.2563034944055988,0.3823432128594347,0.12603971845383588,0.49161708261369425,26
2021-06-03,0,0.09779379906428458,0.10574794565982239,0.007954146595537807,0.8862979140615573,27
2021-06-03,1,0.2700171277656567,0.3335450149182814,0.06352788715262475,0.6029271039722913,72
2021-06-04,0,0.0018323542451170738,0.028132556066397557,0.026300201821280483,0.9455672423174614,84
2021-06-04,1,0.2733147773067166,0.33701093956731987,0.06369616226060329,0.5992928982837076,186
2021-06-05,0,0.11667241078447432,0.11675953890057598,8.712811610166682e-05,0.8831533313961699,25
2021-06-05,1,0.22470372568371366,0.33781316180303617,0.11310943611932252,0.5490774003628832,48
2021-06-06,0,0.02864130944865971,0.10018883088663894,0.07154752143797923,0.8282636559822343,44
2021-06-06,1,0.33094590401661045,0.3529546223848525,0.02200871836824205,0.6250366584641628,89
2021-06-07,0,0.03436564393754278,0.06913574050388835,0.03477009656634557,0.8960941610407174,29
2021-06-07,1,0.31472896102778297,0.3693901786818431,0.054661217654060144,0.5759486014034574,76
2021-06-08,0,0.018138824178990383,0.06406610659322862,0.045927282414238234,0.8900065942406876,21
2021-06-08,1,0.3708546396514499,0.4209157267279706,0.05006108707652074,0.5290231838934947,86
2021-06-09,0,0.022792626085479988,0.04434535541216244,0.02155272932668245,0.9341019239494927,65
2021-06-09,1,0.2861312745049235,0.34457766075293866,0.05844638624801515,0.5969759516825724,201
2021-06-10,0,0.010719499045033111,0.011842347386137847,0.0011228483411047352,0.9870348121668842,37
2021-06-10,1,0.28920871744552484,0.3316057277411519,0.042397010295627036,0.6259972628230857,112
2021-06-12,0,0.010152164458734875,0.1431594261455952,0.13300726168686033,0.723833330711029,14
2021-06-12,1,0.2331861447666455,0.26731696395057936,0.03413081918393384,0.6985522116731198,27
2021-06-13,0,0.10662528017167094,0.14564981369394212,0.039024533522271164,0.815325650888727,51
2021-06-13,1,0.2535612247690331,0.2819285106190351,0.02836728585000203,0.689704201615517,73
2021-06-14,0,0.014956171367743624,0.05842617342977446,0.04347000206203083,0.898103824466683,35
2021-06-14,1,0.2646250177062661,0.2899737342408677,0.025348716534601568,0.6846775541586884,88
2021-06-15,0,0.03636240249970705,0.057179359213553445,0.020816956713846396,0.9220036884350299,37
2021-06-15,1,0.1811678747715776,0.2512357339648346,0.07006785919325702,0.6786964164708417,111
2021-06-16,0,0.02311728796299352,0.07565031260424987,0.05253302464125635,0.8718166502180676,39
2021-06-16,1,0.36486094127550245,0.41001839412856456,0.0451574528530621,0.5448241544892118,107
2021-06-17,0,0.019708798702684403,0.06516561872391939,0.04545682002123499,0.8893775699081743,40
2021-06-17,1,0.1770984386772105,0.26889699817156154,0.09179855949435103,0.6393044387798974,121
2021-06-18,0,0.05779525481087197,0.06746972782870861,0.009674473017836634,0.9228557970149033,71
2021-06-18,1,0.24027599556485085,0.29258267739019944,0.05230668182534859,0.6551106433415372,166
2021-06-19,0,0.004054569975153299,0.05781970685081095,0.05376513687565765,0.888415138549383,33
2021-06-19,1,0.18966701325078852,0.2131765152227336,0.023509501971945065,0.7633139774844165,46
2021-06-20,0,0.02539089650301144,0.0573891640583655,0.03199826755535406,0.9106125642945446,45
2021-06-20,1,0.34070441592091255,0.35834299983758966,0.017638583916677126,0.6240184154803788,99
2021-06-21,0,0.03189733254924147,0.06720852204162203,0.03531118949238056,0.8974802855689256,29
2021-06-21,1,0.40023609490495377,0.41618278503190054,0.01594669012694678,0.5678705312785858,104
2021-06-22,0,0.014310583924806709,0.031135544099547423,0.016824960174740715,0.9520394923165441,56
2021-06-22,1,0.2713497370623761,0.32735877066272423,0.056009033600348125,0.616632192931581,178
2021-06-23,0,0.07390373282118452,0.11488501062651102,0.040981277805326496,0.8441337116875316,55
2021-06-23,1,0.29056438182229577,0.329395442254866,0.038831060432570216,0.631773501541152,138
2021-06-24,0,-0.011151964070398313,0.06399259193929119,0.0751445560096895,0.8608628434974206,16
2021-06-24,1,0.19269380504929137,0.2562467692802635,0.06355296423097215,0.6802002605217894,49
2021-06-25,0,0.02653358594474398,0.03956296079486269,0.013029374850118711,0.9474076612664248,28
2021-06-25,1,0.3759652491401341,0.431923541035837,0.05595829189570295,0.5121181653714016,89
2021-06-26,0,0.07085311022741128,0.07235197296669617,0.0014988627392848806,0.9261491660012253,44
2021-06-26,1,0.4012098157736274,0.43308072152511334,0.031870905751485934,0.5350483772308565,76
2021-06-27,0,0.049856920789167175,0.11941054603825571,0.06955362524908854,0.8110358111685114,27
2021-06-27,1,0.2846338443024916,0.33955546646631884,0.05492162216382725,0.6055229085831969,83
2021-06-28,0,0.026915722483755934,0.08907506365130026,0.062159341167544326,0.8487655958010558,77
2021-06-28,1,0.23787416236405573,0.3042496360898548,0.06637547372579906,0.6293748892980298,201
2021-06-29,0,0.03902717222747702,0.059250909424272226,0.0202237371967952,0.9205253462543767,66
2021-06-29,1,0.27596013102395534,0.31433981292259305,0.03837968189863774,0.6472805091261487,152
2021-06-30,0,0.06693403304506791,0.06843816734000431,0.0015041342949364033,0.9300576949532954,26
2021-06-30,1,0.34699217406997473,0.4324578329586165,0.08546565888864174,0.4820765096256785,97
2021-07-01,0,0.09907099038126421,0.11440920860568413,0.015338218224419917,0.8702525631183964,63
2021-07-01,1,0.2725033384092277,0.34245582119849394,0.06995248278926622,0.5875916914970204,211
2021-07-02,0,0.06846188927441088,0.09344230225099555,0.024980412976584664,0.8815772782323429,38
2021-07-02,1,0.26274809972459684,0.34656835132071556,0.08382025159611872,0.569611398606414,139
2021-07-03,0,0.017030483580128757,0.04945454197346482,0.032424058393336064,0.9181214016406302,41
2021-07-03,1,0.2923340258801354,0.36409970405806696,0.07176567817793156,0.5641346206846993,109
2021-07-04,0,0.06147918632314426,0.06584355535651554,0.004364369033371279,0.9297920906618755,18
2021-07-04,1,0.24904540906719572,0.3581696763834075,0.1091242673162118,0.5327060598901374,34
2021-07-05,0,0.10375003405802558,0.11814409991494586,0.014394065856920284,0.8674618229712483,35
2021-07-05,1,0.355003150552764,0.38954600802290895,0.03454285747014494,0.5759111380351236,141
2021-07-06,0,-0.07201614937586188,0.006097376362810372,0.07811352573867225,0.9157891179483543,26
2021-07-06,1,0.14537426819469057,0.2333279394931679,0.08795367129847732,0.6787183898652823,61
2021-07-07,0,0.0382725985702483,0.05673704527297935,0.018464446702731046,0.9247985102287444,54
2021-07-07,1,0.29208117591849186,0.3381663910453334,0.04608521512684157,0.615748389759264,151
2021-07-08,0,0.08458125769866436,0.11343468571885913,0.028853428020194777,0.8577118892719674,35
2021-07-08,1,0.2672735587053709,0.35504269779508013,0.08776913908970924,0.5571881619644002,101
2021-07-09,0,0.028992362207399827,0.059766900001128775,0.030774537793728948,0.9094585563421236,81
2021-07-09,1,0.2985902364896936,0.35277026217587676,0.05418002568618319,0.593049707299788,215
2021-07-11,0,0.11124695742515948,0.11164178626425407,0.00039482883909457947,0.8879634016850769,19
2021-07-11,1,0.4473949768411925,0.4912923149180168,0.0438973380768243,0.46481035438698803,46
2021-07-12,0,0.06984295167094601,0.10213607380629856,0.03229312213535256,0.8655708035409544,82
2021-07-12,1,0.30785566091690075,0.3625440410423264,0.054688380125425644,0.582767574398639,248
2021-07-13,0,0.05094647786029102,0.10014762374856956,0.049201145888278536,0.8506512306823835,38
2021-07-13,1,0.33837999841690597,0.39778300687574325,0.05940300845883729,0.5428139902081749,88
2021-07-14,0,0.12052927337951402,0.12614349723839524,0.005614223858881218,0.8682422738647446,16
2021-07-14,1,0.3134202031488375,0.3615201829942514,0.04809997984541394,0.5903798447449193,53
2021-07-16,0,0.1302851763102703,0.1538954459105074,0.023610269600237103,0.8224942892588193,42
2021-07-16,1,0.2138112551148379,0.28843005931459986,0.07461880419976197,0.6369511433768027,98
2021-07-17,0,0.07826666337009178,0.07846773729645141,0.0002010739263596406,0.9213311950365702,30
2021-07-17,1,0.20010277090978087,0.26382227049432005,0.06371949958453918,0.6724582319901502,50
2021-07-18,0,0.0520253920479427,0.10241136031405108,0.05038596826610838,0.8472026656316067,31
2021-07-18,1,0.41434072626563795,0.4314660330661515,0.017125306800513548,0.5514086584922157,68
2021-07-19,0,0.019379873770666446,0.08178508856750973,0.06240521479684328,0.8558096876326349,38
2021-07-19,1,0.17843013318107082,0.2660536488906516,0.08762351570958078,0.6463228403117709,107
2021-07-20,0,0.10991740456899146,0.11547129163511885,0.005553887066127396,0.8789748194200933,45
2021-07-20,1,0.258321541081589,0.36327219631411317,0.10495065523252418,0.5317771428136528,167
2021-07-21,0,0.08597047014562617,0.09797275890204903,0.012002288756422848,0.8900249549683708,58
2021-07-21,1,0.28025005156223887,0.3397250690594611,0.059475017497222206,0.6007999136833436,194
2021-07-23,0,0.03334863821345242,0.05785158990327079,0.024502951689818368,0.9176454497015178,88
2021-07-23,1,0.37259639508354525,0.42668392341381745,0.05408752833027222,0.519228554282273,258
2021-07-24,0,0.20186947769697638,0.20211087329489036,0.0002413955979139675,0.7976477203807109,36
2021-07-24,1,0.36805400950997563,0.3833953088783319,0.015341299368356251,0.6012634011817403,83
2021-07-25,0,0.10040178394171596,0.10112195830398753,0.000720174362271564,0.8981578679039457,54
2021-07-25,1,0.39991731362136235,0.4214291449848606,0.02151183136349826,0.5570590259336339,125
2021-07-26,0,0.02965560991612299,0.03121549063439023,0.00155988071826724,0.9672246268680531,55
2021-07-26,1,0.3484269919471394,0.38304186720272765,0.03461487525558824,0.5823432573971665,191
2021-07-27,0,0.02372393424842076,0.050918756472955955,0.027194822224535193,0.9218864006066533,38
2021-07-27,1,0.4175081638415268,0.45922009473790415,0.04171193089637734,0.4990679718962949,138
2021-07-28,0,0.13430446644962274,0.13447613499974895,0.00017166855012621082,0.8653521965011763,22
2021-07-28,1,0.3664449591983129,0.441299615622629,0.07485465642431613,0.4838457371767637,111
2021-07-29,0,0.09849207506372734,0.13975705522949333,0.041264980165766,0.8189779574687085,48
2021-07-29,1,0.45396529962183335,0.4910636824237855,0.03709838280195217,0.47183793634552973,168
2021-07-30,0,0.0231866181383797,0.04046561384261551,0.01727899570423581,0.9422553866793976,40
2021-07-30,1,0.4173419851120603,0.4787123316576698,0.061370346545609515,0.4599173244302767,133
2021-07-31,0,0.18417935874837416,0.2262520222437446,0.042072663495370456,0.731675298500401,24
2021-07-31,1,0.4409531931516315,0.4725423879519864,0.03158919480035486,0.49586842686333843,75
2021-08-01,0,0.10719214986383697,0.11096792796738697,0.0037757781035499933,0.8852562956267604,28
2021-08-01,1,0.34678769728724385,0.40085856579295015,0.054070868505706284,0.5450705622145909,57
2021-08-02,0,0.0013312393836934291,0.054702642613088076,0.05337140322939465,0.8919259511547151,72
2021-08-02,1,0.4447031436124993,0.46542612859079074,0.020722984978291465,0.5138508894861744,229
2021-08-03,0,0.03425880808714368,0.0623398928784016,0.028081084791257923,0.9095790247230616,50
2021-08-03,1,0.3571406887619517,0.39575617334358865,0.03861548458163693,0.5656283412710752,193
2021-08-04,0,-0.02926872824102232,0.06394257177272249,0.09321130001374481,0.8428461282746866,43
2021-08-04,1,0.41216028662515763,0.47872794386217654,0.0665676572370189,0.45470440364269865,121
2021-08-05,0,0.007645895874074685,0.00912499600203825,0.0014791001279635648,0.9893959164619446,11
2021-08-05,1,0.38657288158998865,0.3900178842646975,0.003445002674708886,0.6065371196263047,30
2021-08-06,0,0.05967575235511539,0.061131142624383884,0.0014553902692684962,0.9374134659919203,49
2021-08-06,1,0.39372126078323855,0.43692270605765515,0.0432014452744166,0.5198758498389932,157
2021-08-07,0,0.03021902669878364,0.031608072416856973,0.001389045718073331,0.9670028720336797,44
2021-08-07,1,0.3721088434404072,0.41313103889486613,0.04102219545445894,0.5458467653158278,95
2021-08-08,0,0.10907542754273647,0.14730667765777988,0.03823125011504342,0.8144620596461175,27
2021-08-08,1,0.39201680044598375,0.42985270413333476,0.03783590368735104,0.5323114010926239,88
2021-08-09,0,0.03180580889915313,0.07099826260593052,0.03919245370677739,0.8898092947571795,30
2021-08-09,1,0.34087509930597143,0.38974342409418583,0.04886832478821442,0.5613882478039065,98
2021-08-10,0,0.04043110140410881,0.0732324312287646,0.03280132982465579,0.8939662316168469,73
2021-08-10,1,0.2951040151354117,0.34480576761272175,0.04970175247731009,0.6054924817750822,194
2021-08-11,0,0.00018827852639152765,0.08675200458221455,0.08656372605582302,0.8266842747960077,41
2021-08-11,1,0.358518477669299,0.41165927851557393,0.053140800846274906,0.5351999225356295,103
2021-08-12,0,-0.0055220701561388,0.11130705515353788,0.11682912530967668,0.7718637970780643,9
2021-08-12,1,0.402919571128254,0.4712005703963292,0.06828099926807517,0.46051843889903477,62
2021-08-13,0,-0.015624862084092219,0.02552483043189675,0.04114969251598897,0.9333254757965374,43
2021-08-13,1,0.2934598574793945,0.35448106858028994,0.061021211100895416,0.5844977180624733,151
2021-08-14,0,0.09211952837149372,0.09841463801282657,0.006295109641332855,0.8952902644777196,47
2021-08-14,1,0.28447975839059475,0.3064759019553347,0.02199614356473992,0.6715279613205437,82
2021-08-15,0,0.10416792704472755,0.10639501589354806,0.0022270888488205138,0.8913778811693192,19
2021-08-15,1,0.26129743286645474,0.3028023982596785,0.041504965393223715,0.6556926341942417,36
2021-08-16,0,0.020565479687863916,0.03560200847575167,0.015036528787887754,0.9493614639314863,86
2021-08-16,1,0.27869705415427476,0.3391772032496137,0.06048014909533893,0.6003426461390962,150
2021-08-17,0,0.07660474060342039,0.0990548381132271,0.02245009750980671,0.8784950635814311,20
2021-08-17,1,0.31000895618084556,0.36090653146435914,0.050897575283513574,0.5881958916857584,51
2021-08-18,0,0.02042886188819893,0.06639403067259071,0.04596516878439178,0.8876408017867367,77
2021-08-18,1,0.30127748163485935,0.35866598568977787,0.05738850405491853,0.5839455067086365,179
2021-08-19,0,-0.09274344469730822,0.029497256630789753,0.12224070132809797,0.848262049845959,19
2021-08-19,1,0.30562249879275943,0.3151419012388573,0.009519402446097884,0.6753386979601643,62
2021-08-20,0,0.062095484872185,0.06664581572805393,0.0045503308558689365,0.9288038467369926,43
2021-08-20,1,0.19670420520218881,0.2787547916704964,0.08205058646830757,0.6391946152054667,88
2021-08-21,0,0.08697927509843517,0.11192737771759514,0.02494810261915998,0.8631245404551211,18
2021-08-21,1,0.26133524221953686,0.28907855346046035,0.027743311240923507,0.6831781256270398,40
2021-08-22,0,-0.0012204123340610468,0.1038934215729549,0.10511383390701595,0.79099273365976,26
2021-08-22,1,0.1715089297007401,0.25488835958001993,0.0833794298792798,0.6617322164092665,35
2021-08-23,0,0.06806823650240128,0.07107562687368206,0.0030073903712807782,0.9259169812256506,74
2021-08-23,1,0.29778923104364613,0.3637569100227918,0.06596767897914567,0.5702754065331406,167
2021-08-24,0,0.07396747096433237,0.0852573924542017,0.011289921489869334,0.9034526897104163,19
2021-08-24,1,0.29859502034559415,0.3963812515221035,0.09778623117650936,0.5058325160498455,57
2021-08-25,0,0.010347938638152296,0.049461037465754414,0.03911309882760212,0.9114258589224791,56
2021-08-25,1,0.20680604995504032,0.27158432144664535,0.06477827149160505,0.6636374165124381,124
2021-08-26,0,-0.049160624950663194,0.003287131708050409,0.0524477566587136,0.9442650996725601,23
2021-08-26,1,0.36321736677011407,0.3993367789121376,0.03611941214202352,0.5645438104020136,97
2021-08-27,0,0.09420481549000964,0.09442485526954124,0.00022003977953159674,0.9053551037120552,27
2021-08-27,1,0.2555564609281995,0.28651830180035753,0.03096184087215805,0.68251985939859,69
2021-08-28,0,0.05004320760156844,0.08178031329557171,0.03173710569400327,0.8864825715577657,30
2021-08-28,1,0.1430104361201538,0.21157191897416716,0.06856148285401337,0.7198665986026174,64
2021-08-29,0,0.053233643209713626,0.10172833567112889,0.048494692461415266,0.8497769803970684,20
2021-08-29,1,0.3066739173531673,0.3744000025740661,0.06772608522089879,0.5578739144963868,60
2021-08-30,0,-0.07940130043011587,0.00136184496825346,0.08076314539836933,0.9178750198334455,12
2021-08-30,1,0.2764693194285778,0.374189235023976,0.09771991559539821,0.5280908564260455,47
2021-08-31,0,0.010578012141661805,0.04999829554033815,0.03942028339867634,0.910581419696374,34
2021-08-31,1,0.19298322853458605,0.25831118943540443,0.06532796090081837,0.6763608526112393,103
2021-09-01,0,-0.00033540305767587597,0.006880809833404555,0.007216212891080431,0.9859030023217201,8
2021-09-01,1,0.2914400665026734,0.3274616499483361,0.036021583445662704,0.6365167831453604,36
2021-09-02,0,-0.02782538454732563,0.0006388818538997545,0.028464266401225385,0.97089684798437,34
2021-09-02,1,0.21696661906908865,0.2887850727781886,0.07181845370909996,0.639396469502137,74
2021-09-03,0,-0.029430420717955652,0.0019994546123762724,0.031429875330331924,0.9665706773157581,32
2021-09-03,1,0.26252755827816954,0.3265460188826659,0.06401846060449637,0.6094355301366873,84
2021-09-04,0,0.019016051938884004,0.019140969236140393,0.00012491729725638834,0.98073410987854,8
2021-09-04,1,0.22381735065232805,0.2842080554144279,0.06039070476209984,0.6554012424123129,26
2021-09-05,0,0.00031273899779114974,0.0012207913557907722,0.0009080523579996225,0.997871157195833,18
2021-09-05,1,0.19591429175733174,0.26779669968378117,0.07188240792644943,0.6603209003561761,31
2021-09-06,0,0.01918380593875554,0.021822956210235132,0.0026391502714795934,0.9755379009246826,25
2021-09-06,1,0.25641797212899964,0.2949227053069527,0.03850473317795307,0.6665725693347578,57
2021-09-07,0,-0.010512509150310104,0.003924728918763419,0.014437238069073524,0.981638028508141,21
2021-09-07,1,0.24317600567630193,0.306374029534646,0.06319802385834407,0.6304279446791926,57
2021-09-08,0,0.10119679226494228,0.10573125042529732,0.004534458160355042,0.8897342817016861,29
2021-09-08,1,0.2036871658449378,0.3011856937476745,0.0974985279027367,0.6013157761369418,83
2021-09-09,0,0.06674699648461152,0.06683326006906895,8.626358445743184e-05,0.9330804772589658,15
2021-09-09,1,0.12756584338936666,0.24643888513009643,0.11887304174072977,0.6346880790867911,50
2021-09-10,0,0.0436135521602757,0.04424936833947365,0.0006358161791979455,0.9551148153065393,24
2021-09-10,1,0.25022138980065894,0.2998679030334147,0.049646513232755755,0.6504855831811925,92
2021-09-11,0,0.05625546246321467,0.06655830628228993,0.010302843819075255,0.9231388401550551,15
2021-09-11,1,0.20020586398601975,0.2909995002144399,0.09079363622842014,0.6182068586340369,24
2021-09-13,0,-0.06672890961184663,0.005257696103526095,0.07198660571537273,0.9227556966444743,14
2021-09-13,1,0.5419883424162304,0.5483113502757642,0.006323007859533801,0.4453656440465614,21
2021-09-14,0,-0.023119299446978984,0.003112480646956845,0.026231780093935828,0.9706557284701954,11
2021-09-14,1,0.3041597017336225,0.33661232168366484,0.032452619950042325,0.6309350665723051,37
2021-09-15,0,0.18756464879836088,0.18766172617440802,9.707737604713884e-05,0.8122412157857468,16
2021-09-15,1,0.2038240882587968,0.27011308567345793,0.06628899741466113,0.663597925094786,62
2021-09-16,0,0.0055205247390302595,0.04145636518366962,0.035935840444639364,0.9226078034972317,28
2021-09-16,1,0.2763215807879441,0.33425553969054117,0.05793395890259705,0.6078105042735737,65
2021-09-19,0,0.00010346932276250609,0.07694979282549988,0.07684632350273737,0.8462038921569348,13
2021-09-19,1,0.1900794732150026,0.29346012253273285,0.10338064931773025,0.6031592206359987,21
2021-09-20,0,0.03650493090813396,0.12767886358512393,0.09117393267698996,0.781147196663369,18
2021-09-20,1,0.3617591586958053,0.44761539867309413,0.08585623997728882,0.4665283732848279,47
2021-09-21,0,-0.0046205594005911624,0.00022447345566689592,0.004845032856258058,0.9949304521083832,10
2021-09-21,1,0.44902189653212,0.4607648377486255,0.011742941216505492,0.5274922174150346,35
2021-09-22,0,0.15732183510496206,0.15786082898408235,0.000538993879120296,0.841600175133278,7
2021-09-22,1,0.24721677766510222,0.24961370455825654,0.002396926893154333,0.7479893503893463,23
2021-09-23,0,0.32298273241153197,0.3303623470924322,0.007379614680900204,0.662258076510625,6
2021-09-23,1,0.40302812194531423,0.4513280217210136,0.04829989977569939,0.5003720815120768,37
2021-09-24,0,0.1168659943355662,0.12722733561795252,0.010361341282386319,0.862411321264763,46
2021-09-24,1,0.19599602445880465,0.2579214207964593,0.06192539633765464,0.6801531862462359,110
2021-09-26,0,0.05586740282758131,0.0717931487693347,0.01592574594175338,0.9122810955824596,14
2021-09-26,1,0.24896758310331313,0.3051563052893094,0.0561887221859963,0.6386549506560255,29
2021-09-27,0,0.04567450823720684,0.07212622593996725,0.02645171770276041,0.9014220531934347,39
2021-09-27,1,0.3125894733050248,0.3745964755921127,0.0620070022870879,0.5633965267524346,122
2021-09-29,0,0.010120403695050541,0.011485032574961107,0.001364628879910566,0.9871503295320453,33
2021-09-29,1,0.20580449655342964,0.30727738799529264,0.101472891441863,0.5912497174991007,67
2021-09-30,0,-0.013391189846637036,0.06576690172111437,0.0791580915677514,0.8550750082358718,15
2021-09-30,1,0.3882775264736282,0.39339585224148504,0.00511832576785685,0.6014858266275147,48
2021-10-01,0,0.007143612310841263,0.009685167495023603,0.002541555184182341,0.9877732821873256,14
2021-10-01,1,0.3571438224495823,0.40796410281167517,0.05082028036209286,0.5412156147294305,57
2021-10-02,0,0.003539381387763673,0.004185837297202707,0.0006464559094390345,0.9951677051457491,11
2021-10-02,1,0.2269238571408108,0.29583391998332,0.0689100628425092,0.6352560112645502,43
2021-10-03,0,0.030808536678036944,0.08257690317108882,0.05176836649305187,0.8656547301879618,25
2021-10-03,1,0.3821412343850125,0.42725833503725796,0.04511710065224545,0.5276245622242689,67
2021-10-04,0,0.03598381113009271,0.04099883751151253,0.005015026381419821,0.953986127106576,49
2021-10-04,1,0.26276742161890854,0.3223383295236938,0.05957090790478523,0.6180907573543364,109
2021-10-06,0,0.013358341113410659,0.07505466428491846,0.0616963231715078,0.8632490053481122,38
2021-10-06,1,0.18228711330507735,0.2478610338404125,0.06557392053533515,0.6865650439193559,98
2021-10-07,0,0.19415039328253555,0.20054173141704723,0.006391338134511671,0.7930669069291071,5
2021-10-07,1,0.3766550979172941,0.4131191211943358,0.03646402327704165,0.5504168642544308,29
2021-10-08,0,-0.03541623513622305,0.0845896713924219,0.12000590652864496,0.7954044306825381,24
2021-10-08,1,0.36266676406069137,0.41751707159451196,0.054850307533820565,0.5276326334995555,83
2021-10-09,0,0.21786008045144786,0.2466463121477362,0.02878623169628834,0.7245674493964404,13
2021-10-09,1,0.265014895116596,0.2661389990189235,0.0011241039023275334,0.7327368969516102,20
2021-10-11,0,0.07449956643789335,0.07928737587641876,0.004787809438525414,0.9159248266369104,16
2021-10-11,1,0.29624232639110576,0.3591648843266571,0.06292255793555136,0.577912555259098,44
2021-10-12,0,5.1609623753279266e-05,0.0004636241619883983,0.00041201453823511906,0.9991243915124373,11
2021-10-12,1,0.2912960936628913,0.31226858329372026,0.020972489630829004,0.6667589235784561,44
2021-10-13,0,-0.0007542455658090654,0.00010218064105376673,0.0008564262068628321,0.9990413784980774,9
2021-10-13,1,0.40562999162146185,0.4074531354487983,0.0018231438273364471,0.5907237226931925,37
2021-10-14,0,0.09387998660647034,0.1262382639552134,0.03235827734874306,0.841403464766097,30
2021-10-14,1,0.4059216359505949,0.4624471898837294,0.05652555393313454,0.4810272558967994,101
2021-10-15,0,0.1083385253060728,0.11272862684934784,0.004390101543275046,0.8828812816505449,29
2021-10-15,1,0.3071767477776492,0.33044254352750535,0.02326579574985613,0.6462916607509336,72
2021-10-16,0,0.24182142363123765,0.24216216765767382,0.0003407440264361509,0.7574970877530782,14
2021-10-16,1,0.24630163200515842,0.3002929341484309,0.053991302143272475,0.6457157674658159,29
2021-10-17,0,-0.04014399999041984,0.06556482256868605,0.1057088225591059,0.828726348044438,20
2021-10-17,1,0.3649445654195879,0.4375260656300417,0.0725815002104538,0.4898924186229708,34
2021-10-18,0,0.06074857804092052,0.07723492392210726,0.01648634588118674,0.9062787348450781,28
2021-10-18,1,0.34919256153311723,0.3979071124753194,0.048714550942202166,0.5533783386952749,88
2021-10-19,0,0.12442138316788665,0.12451941998625848,9.803681837183831e-05,0.8753825216554105,8
2021-10-19,1,0.4864019806206441,0.49375536577265494,0.007353385152010855,0.4988912465033489,23
2021-10-20,0,0.23091282828291715,0.24531850707999647,0.014405678797079314,0.7402758141661873,11
2021-10-20,1,0.35216655660185264,0.41095211988316577,0.058785563281313104,0.5302623128367031,20
2021-10-21,0,0.10867303943845424,0.12947625358074472,0.02080321414229047,0.8497205181028625,18
2021-10-21,1,0.46096001264927444,0.525684786644946,0.06472477399567154,0.40959043298206765,47
2021-10-24,0,0.09039261848997172,0.1793734297408965,0.08898081125092479,0.7316457406692886,12
2021-10-24,1,0.18661959281884108,0.34705704871743903,0.16043745589859795,0.49250548102474917,37
2021-10-25,0,-0.05641194040210162,9.636986686250756e-05,0.05650831026896412,0.943395326534907,15
2021-10-25,1,0.2551279629756499,0.3111218565579558,0.05599389358230596,0.6328842730214532,24
2021-10-26,0,0.22461602331326702,0.22469039632847818,7.43730152111565e-05,0.7752352356536387,13
2021-10-26,1,0.3317644785538251,0.39350662637225026,0.06174214781842513,0.544751225523688,41
2021-10-27,0,0.0031539402192153274,0.044026695596002696,0.04087275537678737,0.9151005612119384,23
2021-10-27,1,0.2705683015562219,0.3688822593799995,0.09831395782377761,0.5328037844339519,68
2021-10-28,0,0.2846591369892662,0.28469589650911026,3.675951984405401e-05,0.7152673159060734,7
2021-10-28,1,0.5383779171928754,0.5862442854731853,0.04786636828030989,0.3658893649453727,25
2021-10-29,0,0.0296582286805517,0.029736820053672577,7.859137312087634e-05,0.9701845820997342,35
2021-10-29,1,0.36903578691347705,0.4238767181161958,0.05484093120271879,0.521282353816939,121
2021-10-30,0,0.00683841664120835,0.060578834541461186,0.053740417900252836,0.8856807412564248,17
2021-10-30,1,0.32473301271407035,0.3696846690220968,0.04495165630802645,0.5853636671998504,63
2021-10-31,0,0.00016974469633623812,0.00020585592699262634,3.6111230656388216e-05,0.9997580051422119,2
2021-10-31,1,0.18325887768406607,0.29633487317911705,0.113075995495051,0.590589134374612,29
2021-11-01,0,0.09213070836451982,0.10924474732118807,0.017114038956668246,0.8736412051049146,22
2021-11-01,1,0.42377835548693027,0.4422011882030402,0.01842283271610995,0.5393759771712483,66
2021-11-02,0,0.1355484887316507,0.13638679308545676,0.000838304353806052,0.862774905283004,8
2021-11-02,1,0.21218582479430434,0.29757044655256637,0.08538462175826203,0.6170449235731565,23
2021-11-03,0,0.10030059315064085,0.14326857413995514,0.042967980989314286,0.8137634457491555,47
2021-11-03,1,0.3651091548379658,0.41868818522509627,0.05357903038713044,0.5277327909367319,110
2021-11-04,0,0.1884593063074874,0.18855169474107356,9.238843358616577e-05,0.8113559126853943,10
2021-11-04,1,0.3673102266840226,0.4586293015232862,0.09131907483926359,0.4500516242494462,47
2021-11-05,0,0.01875472504128197,0.024182345322006995,0.005427620280725023,0.9703900384902954,25
2021-11-05,1,0.25190683472851116,0.3238711106373493,0.07196427590883815,0.604164619893493,75
2021-11-06,0,0.07441739654843961,0.15161031826586133,0.07719292171742172,0.7711967654669514,13
2021-11-06,1,0.19852857064077178,0.26142411175856617,0.06289554111779437,0.6756803452708697,58
2021-11-08,0,-0.05679894404451435,0.0007251283719389957,0.057524072416453347,0.9417508063728318,17
2021-11-08,1,0.31728863863147094,0.37743084394291565,0.0601422053114447,0.5624269479439162,70
2021-11-09,0,0.01583611680358956,0.06513138047794598,0.04929526367435642,0.8855733527243137,25
2021-11-09,1,0.27067956151727957,0.3145646864426329,0.043885124925353326,0.6415501853281789,88
2021-11-10,0,1.4268074058539533e-06,2.2866242034069728e-05,2.1439434628215775e-05,0.9999556541442871,3
2021-11-10,1,0.3624379343753003,0.39923996455548727,0.036802030180186976,0.563957991340958,33
2021-11-11,0,-0.06462325218537388,0.0013960354984834567,0.06601928768385733,0.932584676585393,25
2021-11-11,1,0.33623322727349,0.38385700028797126,0.04762377301448127,0.5685192298557277,71
2021-11-12,0,-0.0009762140228607072,0.0004711657635046625,0.0014473797863653697,0.9980814556280772,6
2021-11-12,1,0.41769584439198104,0.45836358571172503,0.04066774131974401,0.5009686754790721,28
2021-11-13,0,0.1809018924316683,0.18114319258016048,0.000241300148492178,0.8186155152590733,11
2021-11-13,1,0.29089276785314316,0.3094774468981115,0.018584679044968352,0.6719378609188412,31
2021-11-14,0,0.04208542288743955,0.07220487305623581,0.030119450168796264,0.8976756650193308,26
2021-11-14,1,0.300129623271931,0.362508402679868,0.062378779407937034,0.5751128114621314,71
2021-11-15,0,0.03286847919420617,0.07319256346243831,0.04032408426823214,0.8864833482672613,29
2021-11-15,1,0.26661070747575827,0.32442986956588643,0.057819162090128155,0.6177509702411851,84
2021-11-16,0,0.07311905077751543,0.07328910536736188,0.00017005458984645623,0.9265408368415332,14
2021-11-16,1,0.35740231352687474,0.3921142078312237,0.03471189430434896,0.573173897739117,45
2021-11-17,0,0.07001255632642116,0.07023798616485995,0.00022542983843878674,0.9295365677939521,9
2021-11-17,1,0.4114837072500806,0.4617672973365809,0.050283590086500296,0.48794911045316774,24
2021-11-18,0,0.06944147816003902,0.07789667961012305,0.008455201450084026,0.9136481110189744,49
2021-11-18,1,0.28883335482395595,0.3426274616797893,0.05379410685583338,0.6035784336644046,122
2021-11-19,0,-0.005043284367807883,0.02923711679989901,0.03428040116770689,0.936482467434623,33
2021-11-19,1,0.3456159021441145,0.38353651399160693,0.03792061184749248,0.5785428687037354,101
2021-11-21,0,8.689802660626355e-05,0.00014834742486016239,6.144939825389884e-05,0.9997902035713195,5
2021-11-21,1,0.19937684433552083,0.31061672814367786,0.11123988380815701,0.578143401292684,38
2021-11-22,0,0.031825982456522135,0.0841136816020464,0.05228769914552426,0.8635985997680109,35
2021-11-22,1,0.20550761145358304,0.26951878157358855,0.06401117012000551,0.6664700500377682,63
2021-11-23,0,-0.0029736753353654423,0.001852140059395424,0.004825815394760866,0.9933220434188843,25
2021-11-23,1,0.2650847755830951,0.31279889561522506,0.047714120032129936,0.6394869821062432,109
2021-11-24,0,0.0749564354596352,0.08650798048467054,0.011551545025035328,0.9019404707031081,23
2021-11-24,1,0.22457991987182846,0.2714158054208684,0.04683588554903996,0.6817483107707426,71
2021-11-25,0,0.06672485436951885,0.09057442118925037,0.023849566819731518,0.8855760140034129,43
2021-11-25,1,0.13349559915030718,0.21749637496640017,0.08400077581609298,0.6985028554949598,119
2021-11-26,0,-0.0005570866140434533,0.05029297034863021,0.05085005696267366,0.8988569718903022,20
2021-11-26,1,0.07547142691238469,0.17982737258800527,0.10435594567562058,0.7158166737283532,37
2021-11-27,0,0.08313126889192606,0.08320703233499493,7.576344306888434e-05,0.9167172048570743,12
2021-11-27,1,0.36039473982190307,0.3753616298014619,0.014966889979558877,0.6096714973422236,21
2021-11-28,0,0.034240637427832614,0.038249637542038785,0.004009000114206174,0.9577413469552993,20
2021-11-28,1,0.15985355951067232,0.23324237393063244,0.07338881441996012,0.6933688034849509,43
2021-11-29,0,0.0677876711407217,0.06917598746858378,0.0013883163278620714,0.9294357085600495,16
2021-11-29,1,0.18433936378646776,0.2684506292870277,0.0841112655005599,0.6474381006913225,51
2021-11-30,0,0.1428595290991126,0.1432695361459338,0.0004100070468211925,0.8563204228878021,5
2021-11-30,1,0.2134535804783462,0.3154615035558163,0.10200792307747011,0.5825305623240691,25
2021-12-02,0,0.0518681129091192,0.06749994681536199,0.015631833906242794,0.9168682082651078,15
2021-12-02,1,0.2586438873653276,0.367853173181617,0.10920928581628934,0.5229375363724997,74
2021-12-04,0,-0.049886617000464636,0.00014557439990880994,0.050032191400373446,0.9498222410678864,10
2021-12-04,1,0.28325636177804736,0.32270740625608596,0.03945104447803858,0.6378415571646959,27
2021-12-05,0,0.09797306966294173,0.1099144582492743,0.011941388586332582,0.8781441396900586,14
2021-12-05,1,0.19932500963351701,0.24954555763414837,0.05022054800063137,0.7002338910887129,57
2021-12-06,0,0.0023134217601263884,0.05819606265511901,0.05588264089499262,0.8859213036485016,16
2021-12-06,1,0.21726385260729694,0.2887817423855337,0.07151788977823678,0.6397003639523379,52
2021-12-07,0,0.051405528815392745,0.06395124610275421,0.012545717287361466,0.9235030364246284,116
2021-12-07,1,0.3155740861313575,0.3915529133520347,0.07597882722067718,0.5324682553766789,263
2021-12-08,0,0.07611641017827853,0.08372230483598646,0.007605894657707935,0.90867177650676,37
2021-12-08,1,0.29830015017293576,0.37820848826641656,0.07990833809348082,0.5418831662551737,119
2021-12-09,0,0.023897879076404675,0.05325411463041791,0.029356235554013236,0.9173896622399232,39
2021-12-09,1,0.20945745546303798,0.30158153092292855,0.09212407545989057,0.6062943877101791,92
2021-12-10,0,0.04973302324731621,0.05125690722456069,0.001523883977244479,0.9472192070986095,19
2021-12-10,1,0.26238180469786637,0.30042818752283396,0.0380463828249676,0.6615254347518803,56
2021-12-11,0,0.0598169658358548,0.0945104304891689,0.034693464653314104,0.870796112519732,36
2021-12-11,1,0.3891425264602571,0.4099335089076158,0.020790982447358695,0.5692754981054823,98
2021-12-12,0,0.05783988268265622,0.09713081046374782,0.0392909277810916,0.8635782472402378,34
2021-12-12,1,0.2798788810572937,0.35616040217823075,0.07628152112093704,0.5675580789816993,89
2021-12-13,0,0.025155415065355433,0.05559974067547952,0.030444325610124088,0.9139559504784339,36
2021-12-13,1,0.2110088113565632,0.24000398136213064,0.02899517000556745,0.7310008503150177,151
2021-12-14,0,0.06015665302738526,0.07228718675380226,0.012130533726417004,0.9155822846246993,33
2021-12-14,1,0.224786346449883,0.3153895824210853,0.09060323597120228,0.5940071760841863,85
2021-12-15,0,0.09660251641240322,0.11550661539325556,0.01890409898085233,0.8655892845026559,52
2021-12-15,1,0.22721150185232114,0.3034776688099748,0.07626616695765365,0.6202561619251268,146
2021-12-16,0,0.005131291803142597,0.05623846300741937,0.051107171204276776,0.892654361032928,35
2021-12-16,1,0.3772749382632897,0.4340360693120093,0.056761131048719535,0.5092027969813784,148
2021-12-17,0,0.02785663239531893,0.07255162686510357,0.04469499446978464,0.8827533674629967,83
2021-12-17,1,0.2666541951368573,0.335664520026469,0.06901032488961174,0.5953251580937822,185
2021-12-18,0,0.2641064630930222,0.2643773427745145,0.0002708796814922939,0.7353517808251536,15
2021-12-18,1,0.2669240087146477,0.3141417963081198,0.04721778759347208,0.6386404287212395,46
2021-12-19,0,0.16787019311587886,0.1702154037855984,0.002345210669719538,0.8274393799623946,18
2021-12-19,1,0.21327226346017986,0.30479694740432706,0.0915246839441472,0.6036783758865544,33
2021-12-20,0,0.06477862606171536,0.12377584252374359,0.05899721646202823,0.8172269364618268,89
2021-12-20,1,0.25003815199744955,0.29598514570555023,0.04594699370810068,0.6580678621728248,209
2021-12-21,0,0.07541070961700252,0.09341207483884734,0.018001365221844815,0.8885865572678007,23
2021-12-21,1,0.31490592718646426,0.3486236993070676,0.03371777212060331,0.6176585235514703,59
2021-12-22,0,0.012677250858662628,0.07825570103292724,0.06557845017426461,0.8561658488835884,43
2021-12-22,1,0.24504311365725923,0.3215147118932731,0.07647159823601385,0.6020136929381292,130
2021-12-23,0,-0.008470759001854865,0.013136186119446697,0.02160694512130156,0.965256871769039,59
2021-12-23,1,0.29872055244625156,0.3400608759729604,0.041340323526708876,0.6185988061724813,152
2021-12-24,0,-0.0018257933338266716,0.00384461521185939,0.0056704085456860615,0.9904849992858039,9
2021-12-24,1,0.3654396690085779,0.39280506341936805,0.027365394410790143,0.5798295465650787,54
2021-12-25,0,-0.007234951289721418,0.00022247148140953262,0.007457422771130951,0.9923201084136963,15
2021-12-25,1,0.2402580471827819,0.2580198378838667,0.01776179070108478,0.7242183749747431,26
2021-12-26,0,0.026173512621288156,0.06399690949835499,0.03782339687706683,0.8981796945970147,28
2021-12-26,1,0.3057836147946744,0.36642447070994333,0.06064085591526893,0.5729346654928537,66
2021-12-27,0,0.05461930219863129,0.07384512356171695,0.019225821363085666,0.9069290502438769,48
2021-12-27,1,0.22914514679209957,0.29425147742128704,0.06510633062918747,0.6406421967941467,81
2021-12-28,0,0.042442086897167525,0.05596582086952087,0.01352373397235335,0.9305104372886225,60
2021-12-28,1,0.2742917813222354,0.33596734448042875,0.06167556315819334,0.602357096985262,147
2021-12-29,0,0.0930925081516088,0.1355832122422072,0.0424907040905984,0.8219260748817234,25
2021-12-29,1,0.2985012602904801,0.3160049737422028,0.017503713451722774,0.6664913102868407,64
2021-12-30,0,0.02861019961768074,0.031190285919150608,0.00258008630146987,0.9662296332064129,21
2021-12-30,1,0.2625744487022603,0.3032487764305155,0.040674327728255195,0.6560768970196741,70
