date,S&P500,NASDAQ,SPY,QQQ,Tech_ETF,Financials_ETF,Energy_ETF,VIX,sentiment_score,yield,binary
2021/1/1,#N/A,#N/A,#N/A,#N/A,#N/A,#N/A,#N/A,#N/A,0.05424871596381886,#N/A,0
2021/1/2,#N/A,#N/A,#N/A,#N/A,#N/A,#N/A,#N/A,#N/A,0.026682578773504773,#N/A,0
2021/1/3,#N/A,#N/A,#N/A,#N/A,#N/A,#N/A,#N/A,#N/A,0.03828160736339276,#N/A,0
2021/1/4,-1.412007645,-1.361407595,0.15832037332357274,-1.356850838,-1.630526035,-1.475482752,-1.472889122,18.549447531228537,-0.065544318,0.9169999957084656,0
2021/1/5,0.824419128903009,0.6887363834899851,4.478379189251602,0.447034460296325,0.6489322028151889,0.7082595157549276,0.9490116019786887,-6.04374936,0.03739746499433532,0.9549999833106995,0
2021/1/6,-1.385233818,0.5978585726492014,3.0509310417872637,4.416303911576036,-1.72453032,0.5709842747752214,-0.609799251,-1.065510877,0.12236797271645977,1.0420000553131104,0
2021/1/7,2.4192043632258464,1.48573771548266,1.4680988144901486,1.4426296621340873,2.6954301864648977,1.4847403800101189,2.5641300789502663,-10.76984,0.060187376262378856,1.0709999799728394,1
2021/1/8,1.2857953580879267,0.5697766017492834,-0.120583109,-0.064638524,0.6465555691891778,0.5491862685268911,1.0292726308001487,-3.620926879,0.08308005504533655,1.1050000190734863,0
2021/1/9,#N/A,#N/A,#N/A,#N/A,#N/A,#N/A,#N/A,#N/A,-0.032655117,#N/A,0
2021/1/10,#N/A,#N/A,#N/A,#N/A,#N/A,#N/A,#N/A,#N/A,0.09793418214657258,#N/A,0
2021/1/11,-1.444997304,-0.674074703,1.5693006779496033,0.3234082973371688,-0.825942951,-0.65547509,-1.253984443,11.688314101048247,0.11031803742640825,1.1319999694824219,0
2021/1/12,-0.159021653,0.021110196677232018,3.4941737448700882,1.0315954922219817,-0.478082364,0.04157884466327033,0.2761492284541589,-3.11461795,-0.042736647,1.1380000114440918,0
2021/1/13,0.6753137606566151,0.26930721044291506,-0.780898022,-0.063820072,0.635353526961624,0.22756417379066196,0.4323642135673156,-4.800689425,-0.005433711,1.0880000591278076,0
2021/1/14,-0.534724257,-0.350202157,2.9629528700522156,0.4469930567065461,-0.877733661,-0.375345119,-0.124233443,4.682579731641789,0.03108716347776222,1.128999948501587,0
2021/1/15,-0.79213004,-0.729265281,-3.889366536,-1.652881948,-1.025316987,-0.719002798,-0.87045516,4.688172699302751,-0.023727011,1.097000002861023,0
2021/1/16,#N/A,#N/A,#N/A,#N/A,#N/A,#N/A,#N/A,#N/A,0.04658523800340412,#N/A,0
2021/1/17,#N/A,#N/A,#N/A,#N/A,#N/A,#N/A,#N/A,#N/A,-0.027005124,#N/A,0
2021/1/18,#N/A,#N/A,#N/A,#N/A,#N/A,#N/A,#N/A,#N/A,0.06194078017614402,#N/A,0
2021/1/19,1.4589762384864091,0.7851777108335289,2.0116920512514236,0.258560726571222,1.3027844478401107,0.8136379515524483,1.5284816517290523,-4.519311317,-0.038605338,1.0920000076293945,0
2021/1/20,2.326101127470981,1.3838883638752408,0.3668717067668581,-0.419083396,1.9832435486697442,1.3935625421946263,1.97065068945248,-7.142856557,#N/A,1.090000033378601,0
2021/1/21,0.7999403156544238,0.09115027539940979,-3.381293762,-1.068305189,1.291439720036336,0.03167233075522802,0.5473641067082813,-1.204820342,-0.057635757,1.1089999675750732,0
2021/1/22,-0.287990621,-0.353942114,-0.520219012,-0.719905311,-0.382494624,-0.301061166,0.08979007267215788,2.767355351938039,-0.017196676,1.090999960899353,0
2021/1/23,#N/A,#N/A,#N/A,#N/A,#N/A,#N/A,#N/A,#N/A,0.07827889413435556,#N/A,0
2021/1/24,#N/A,#N/A,#N/A,#N/A,#N/A,#N/A,#N/A,#N/A,0.15817671760540747,#N/A,0
2021/1/25,0.8266230047010215,0.39440053026713606,-1.022114691,-0.725105248,0.8356498345260199,0.36158389430824833,0.6861866299858299,5.842084416064908,-0.000978322,1.0399999618530273,0
2021/1/26,0.1462740316533262,-0.156087982,-2.137379026,-0.796813319,0.0671973863183295,-0.148883375,-0.072826864,-0.733074913,0.022064326177500572,1.0399999618530273,0
2021/1/27,-2.787678442,-2.444059826,-1.349664518,-2.945113623,-1.887645607,-2.56778837,-2.608677579,61.642043199539984,-0.022207297,1.0140000581741333,0
2021/1/28,0.5916996896091486,0.8600328695980819,1.1691281915667817,1.8620826810256341,0.4106414975380446,0.9760625975629766,0.5015639747580014,-18.81214774,-0.01056212,1.0570000410079956,0
2021/1/29,-2.103827938,-2.001967886,-3.319403031,-1.997301364,-2.355335737,-1.931147517,-1.997949514,9.533270954634009,0.06497725949471256,1.093000054359436,0
2021/1/30,#N/A,#N/A,#N/A,#N/A,#N/A,#N/A,#N/A,#N/A,0.04893005420118989,#N/A,0
2021/1/31,#N/A,#N/A,#N/A,#N/A,#N/A,#N/A,#N/A,#N/A,0.11444002072002267,#N/A,0
2021/2/1,2.498732023404182,1.6645524613959628,0.7121048640784888,1.3125952610121727,2.5052260110271396,1.6051767614439383,2.545383662322376,-8.612875093,0.003607870448549738,1.0770000219345093,0
2021/2/2,1.63140305806313,1.414037778215227,1.085856768793203,2.4207505209105085,1.3544368179838173,1.3898223484416938,1.5622214267598356,-15.4761916,0.09439816087878289,1.1050000190734863,0
2021/2/3,-0.396744423,0.07859948771866687,4.271817319198368,0.5658916914545342,-0.343436791,0.10087690809532646,-0.016456847,-10.36776085,0.05858778406903302,1.13100004196167,0
2021/2/4,1.1827129549110804,1.136584615400249,1.1020625493170177,2.2177937707742013,1.5956246741315017,1.0853322230420792,1.2284611399153267,-4.975990385,0.041615383537861206,1.1390000581741333,0
2021/2/5,0.3391236279150611,0.39359718677705047,0.8530973956294208,0.03240531308985606,-0.221208868,0.3897495164625342,0.5701919834175451,-4.134127697,0.015470885361771125,1.1699999570846558,0
2021/2/6,#N/A,#N/A,#N/A,#N/A,#N/A,#N/A,#N/A,#N/A,-0.017809683,#N/A,0
2021/2/7,#N/A,#N/A,#N/A,#N/A,#N/A,#N/A,#N/A,#N/A,0.04805976335945222,#N/A,0
2021/2/8,0.6699589088218216,0.7221759205240597,4.182330551343605,1.2949095454952264,1.049383615157251,0.7399348360373592,0.9478709727799739,1.7728745424351322,0.05322717127888077,1.159999966621399,0
2021/2/9,-0.020954289,-0.066568746,-1.060007523,0.03196758485584095,-0.117032474,-0.111352499,0.14341624018918697,1.836155338281853,0.07031247522117257,1.156999945640564,0
2021/2/10,-0.227890468,-0.04357796,1.914755399435597,0,-0.14640139,-0.034518493,-0.251075633,1.6643579487721327,0.006917654166050127,1.1330000162124634,0
2021/2/11,0.5499410095764157,0.1615232941374778,-1.54330675,-0.319475399,1.099868865302156,0.16624551635393559,0.3810280369455299,-3.365164979,0.013616547758057821,1.1579999923706055,0
2021/2/12,0.5589220576471376,0.4939774759701976,1.476601441197034,1.0256306763235745,0.5149097389816504,0.47110331133788375,0.4969438229909917,-6.023532643,0.06524205360488872,1.2000000476837158,0
2021/2/13,#N/A,#N/A,#N/A,#N/A,#N/A,#N/A,#N/A,#N/A,0.014447423610491231,#N/A,0
2021/2/14,#N/A,#N/A,#N/A,#N/A,#N/A,#N/A,#N/A,#N/A,0.07943545721474773,#N/A,0
2021/2/15,#N/A,#N/A,#N/A,#N/A,#N/A,#N/A,#N/A,#N/A,0.0028592621302898705,#N/A,0
2021/2/16,-0.270463327,-0.086608937,2.5072922968189415,1.7132040388276426,-0.324691135,-0.056927242,-0.34032017,7.461190898097625,-0.006587175,1.2990000247955322,0
2021/2/17,-0.479842028,0.022964179750872837,1.4850438025254986,0.4990560413513423,-0.883156191,-0.032040201,-0.583803279,0.18639756399749796,0.0031397238251390375,1.3009999990463257,0
2021/2/18,-0.437198899,-0.425612687,-2.259526101,-0.589693346,-0.489314802,-0.441583563,-0.716980794,4.604650098224017,-0.008764343,1.2869999408721924,0
2021/2/19,-0.436126013,-0.176599733,1.6732622448214274,1.1863635016027274,-0.146802212,-0.185489664,0.06562836554027118,-1.956427472,0.0201878071390885,1.3450000286102295,0
2021/2/20,#N/A,#N/A,#N/A,#N/A,#N/A,#N/A,#N/A,#N/A,-0.005075363,#N/A,0
2021/2/21,#N/A,#N/A,#N/A,#N/A,#N/A,#N/A,#N/A,#N/A,0.07129365331599251,#N/A,0
2021/2/22,-2.591978476,-0.76917934,3.464691729776348,0.9256521705012899,-2.20507353,-0.773283946,-2.460709514,6.34921348897759,0.029155922428951583,1.3700000047683716,0
2021/2/23,-0.297740922,0.12144382734571302,1.6534437396177992,0.6114395342638357,-0.278101218,0.12563181187927874,-0.501362297,-1.449893994,0.09667120807292595,1.3619999885559082,0
2021/2/24,0.8243057992123326,1.1019421118903194,3.5412829566031645,1.94467835610046,1.5300074193629998,1.135161376597904,0.9860197347546285,-7.659023847,0.05313032164630625,1.3890000581741333,0
2021/2/25,-3.486246485,-2.409584893,-1.928836743,-1.818170036,-3.496401997,-2.447880753,-3.519202121,35.37956505658677,0.049173204383212724,1.5180000066757202,0
2021/2/26,0.4187583496872316,-0.515267701,-2.372271535,-1.912559766,0.5307534496305832,-0.475021417,0.5558162482053319,-3.253716326,0.051305918207398236,1.4600000381469727,0
2021/2/27,#N/A,#N/A,#N/A,#N/A,#N/A,#N/A,#N/A,#N/A,0.015073275273368533,#N/A,0
2021/2/28,#N/A,#N/A,#N/A,#N/A,#N/A,#N/A,#N/A,#N/A,0.07818825719789847,#N/A,0
2021/3/1,3.008188149857016,2.424014336765312,2.5960973799996623,3.1259533655016325,3.221386287888506,2.3790763506800205,3.0053817590480314,-16.45796156,0.08476839928562166,1.4459999799728394,0
2021/3/2,-1.603855108,-0.780319677,-0.546589704,-0.360128983,-1.586380591,-0.808085169,-1.692861253,3.211991382215107,-0.006305381,1.4149999618530273,0
2021/3/3,-2.902021472,-1.324559724,1.4654925082093762,0.7831181651834163,-2.515819744,-1.306622187,-2.702640269,10.663898979853403,0.05076872343266608,1.4700000286102295,0
2021/3/4,-1.636683705,-1.23750195,2.3871695773927115,-1.135655242,-2.20985812,-1.341721393,-2.110213486,7.124108035601839,0.02652261555456962,1.5499999523162842,0
2021/3/5,1.5060834750814767,1.839667582414517,3.7421900104473993,1.9044402093790547,1.8884317483336854,1.949596819778221,1.54580997392475,-13.6856839,0.03805925781074005,1.5540000200271606,0
2021/3/6,#N/A,#N/A,#N/A,#N/A,#N/A,#N/A,#N/A,#N/A,0.06953537666393185,#N/A,0
2021/3/7,#N/A,#N/A,#N/A,#N/A,#N/A,#N/A,#N/A,#N/A,-0.03426044,#N/A,0
2021/3/8,-2.83141422,-0.497863394,0.1888288317422493,1.2755781547308498,-2.419522728,-0.535923103,-2.40701714,3.2846693874873933,0.07609089520126464,1.5959999561309814,0
2021/3/9,3.9440919049867906,1.4277388266116908,-1.75305388,-0.907996875,3.401414377457379,1.415464230382213,3.6850999629795433,-5.653705008,0.0764633394442579,1.5460000038146973,0
2021/3/10,-0.285420435,0.6224562124480082,2.5326158294328716,2.0395998426143036,-0.399673634,0.6030313342701321,-0.038169672,-6.117358213,0.12046160464437872,1.5199999809265137,0
2021/3/11,2.3031141503539576,1.0139121163916132,0.03742450013886067,-0.289669045,2.137512017850929,1.0395487004435822,2.5238666489519668,-2.881204051,0.0023187691241759387,1.5269999504089355,0
2021/3/12,-0.81121409,0.1346858464742251,0.20574523508265496,1.016840603168423,-0.717777506,0.10153984958789497,-0.588189505,-5.568230588,-0.00971418,1.6349999904632568,0
2021/3/13,#N/A,#N/A,#N/A,#N/A,#N/A,#N/A,#N/A,#N/A,0.003554763243131602,#N/A,0
2021/3/14,#N/A,#N/A,#N/A,#N/A,#N/A,#N/A,#N/A,#N/A,0.08360278687483677,#N/A,0
2021/3/15,1.068260607027205,0.5963535888225291,-1.138681621,-0.575231528,1.0653985484748052,0.6491921301497117,1.0499329999251517,-3.189946014,0.06504983464310432,1.6069999933242798,0
2021/3/16,0.5488774753952264,-0.126118371,-2.851196894,-1.041345551,0.7529402937034746,-0.156968373,0.08811743787140447,-1.198201512,0.030354716814001176,1.621000051498413,0
2021/3/17,0.4117972815835591,0.3409789846338329,0.7774315939241383,0.6723107838433995,-0.082192933,0.287938213053085,0.39809674424322594,-2.829718784,0.09242400002862027,1.6410000324249268,0
2021/3/18,-3.063070506,-1.454952625,-4.493718933,0.5226440373784502,-2.774863442,-1.476053932,-3.024208644,12.220491094179376,0.02995331294826779,1.7300000190734863,0
2021/3/19,0.35251598810814855,-0.185030926,0.020170997833157678,-1.155406427,-0.300004694,-0.060270397,0.755329590041165,-2.919365908,0.09461084500089582,1.7319999933242798,0
2021/3/20,#N/A,#N/A,#N/A,#N/A,#N/A,#N/A,#N/A,#N/A,0.22656369988700764,#N/A,0
2021/3/21,#N/A,#N/A,#N/A,#N/A,#N/A,#N/A,#N/A,#N/A,-0.012917137,#N/A,0
2021/3/22,1.8753028191242693,0.7984963021552716,-0.958973532,-1.28854896,1.966282599673752,0.7025118077311765,1.22812602577842,-9.880675546,-0.081246726,1.684000015258789,0
2021/3/23,-0.436281192,-0.787084467,-1.46269668,-1.397575143,-0.621787989,-0.763085418,-1.120085182,7.521187179100952,0.010846069087545623,1.6380000114440918,0
2021/3/24,-1.686494137,-0.50834851,2.5088587325178935,0.36188937671883803,-1.213277318,-0.546733602,-2.009499331,4.433505220216083,0.04579055791844437,1.6139999628067017,0
2021/3/25,-0.173175728,0.5625499605302453,0.3671313787670938,1.6826947560420802,-0.061804243,0.5240265846959469,0.12181895920093666,-6.556609656,0.050778563100615355,1.6139999628067017,0
2021/3/26,1.5000472259023123,1.611504895499749,2.479184041132565,1.5661958790556207,2.542868472389581,1.6631202604519668,1.2409828654125432,-4.795552151,0.007433992731701939,1.659999966621399,0
2021/3/27,#N/A,#N/A,#N/A,#N/A,#N/A,#N/A,#N/A,#N/A,-0.015116636,#N/A,0
2021/3/28,#N/A,#N/A,#N/A,#N/A,#N/A,#N/A,#N/A,#N/A,0.1019184123372035,#N/A,0
2021/3/29,-0.028480452,-0.050525956,-1.189750912,-0.872851646,-0.520079658,-0.086801269,-0.60188523,9.968181865989646,-0.0001452,1.7209999561309814,0
2021/3/30,-0.50331778,-0.265281432,-0.862966596,0.7044407329606983,-0.947072526,-0.315783293,-0.109196967,-5.448404885,-0.050405928,1.7259999513626099,0
2021/3/31,1.5302874591748283,0.40531631399183254,-0.688229684,-0.757801371,1.591058776857457,0.36224990395776757,1.5444572694241598,-1.070887227,0.017642112600925415,1.746000051498413,0
2021/4/1,1.704650051506218,1.0799205398221101,2.5478770808883056,1.2334908332097383,2.0103918088206774,1.1825201774944727,1.7607195685596322,-10.67010173,-0.01230731,1.6790000200271606,0
2021/4/2,#N/A,#N/A,#N/A,#N/A,#N/A,#N/A,#N/A,#N/A,-0.006299774,#N/A,1
2021/4/3,#N/A,#N/A,#N/A,#N/A,#N/A,#N/A,#N/A,#N/A,0.12643314368907502,#N/A,0
2021/4/4,#N/A,#N/A,#N/A,#N/A,#N/A,#N/A,#N/A,#N/A,0.05590129858624821,#N/A,0
2021/4/5,1.9964482553944007,1.4352942595224016,-2.385221504,0.7832926940664731,2.0667161352357244,1.4438226417743616,1.6726828364677537,3.3467970355421706,0.02713250400869776,1.7200000286102295,0
2021/4/6,-0.069446247,-0.059039611,-0.26469105,-0.201513242,-0.426666472,-0.097353075,-0.052605988,1.1725348610297948,0.04938112651506048,1.656000018119812,0
2021/4/7,0.24179970467903544,0.11572223617994926,0.34707454990527964,0.4903354086432721,0.5301673604640955,0.1475232784985625,-0.069643557,-5.298018473,0.04428666470277946,1.652999997138977,0
2021/4/8,1.043380324585863,0.4746874548482438,-1.302133831,0.028730101386420515,1.4448746655972178,0.42206328286402695,1.026162393350205,-1.223770899,0.10441450956098283,1.6319999694824219,0
2021/4/9,0.6058322616264267,0.7270170870893322,-0.65967017,0.8608351976364448,0.9614156312345079,0.7719934348738189,0.5125408395453057,-1.533924585,-0.086369824,1.6660000085830688,0
2021/4/10,#N/A,#N/A,#N/A,#N/A,#N/A,#N/A,#N/A,#N/A,#N/A,#N/A,0
2021/4/11,#N/A,#N/A,#N/A,#N/A,#N/A,#N/A,#N/A,#N/A,0.06379228693474204,#N/A,0
2021/4/12,-0.13051863,0.036450485103745045,-0.788548779,0.42669756233071343,-0.479670763,-0.019607885,-0.361077281,1.318150427290643,0.10674089517982623,1.6749999523162842,0
2021/4/13,1.1673107689017526,0.2963642681305556,0.10460222084525128,-0.93480163,0.942686683814542,0.32944868090414303,1.0548708258122819,-1.537553112,0.08044067620137767,1.6230000257492065,0
2021/4/14,-1.200835201,-0.341499197,2.778936351698058,0.6004818195396666,-1.060230421,-0.408772673,-0.987844967,2.0420430052712657,0.03620398671551422,1.6380000114440918,0
2021/4/15,1.515555047903483,1.0742469957913947,-0.813170687,-0.085241229,1.717401004726149,1.109419052516647,1.3055420174782562,-2.47204286,0.0655151013960429,1.5299999713897705,0
2021/4/16,0.1170903094687814,0.3342490026897016,-0.799335325,0.7112206959122958,-0.020946147,0.36088195555097347,0.09673274813244426,-1.931199159,-0.004318671,1.5729999542236328,0
2021/4/17,#N/A,#N/A,#N/A,#N/A,#N/A,#N/A,#N/A,#N/A,0.008376529258199258,#N/A,0
2021/4/18,#N/A,#N/A,#N/A,#N/A,#N/A,#N/A,#N/A,#N/A,0.022184959257541367,#N/A,0
2021/4/19,-0.915187519,-0.491324498,-0.103336196,-0.282513837,-0.830422988,-0.530656009,-0.978985095,6.400005634014416,0.06898015892387946,1.6009999513626099,0
2021/4/20,-0.72883902,-0.732143444,-2.647358263,-1.869672674,-0.886648542,-0.680231977,-0.923479183,8.039325136184017,0.0027264683453814,1.562000036239624,0
2021/4/21,0.8560813544812085,0.9462037062360595,1.2746978568614953,1.3857101543488515,1.0081595627975837,0.9306055472153574,1.189228129776998,-6.316918019,0.10033244774664649,1.5640000104904175,0
2021/4/22,-1.205462551,-0.913322422,-1.174718886,-1.110505534,-1.173794102,-0.921065748,-0.944856589,6.914280482700885,0.07638946240476059,1.5540000200271606,0
2021/4/23,1.2589812866302896,1.0842585871186472,0.9127450875711096,1.8715722031982684,1.4935694114334375,1.0928696540176919,1.4357615081555863,-7.375730777,#N/A,1.5670000314712524,0
2021/4/24,#N/A,#N/A,#N/A,#N/A,#N/A,#N/A,#N/A,#N/A,-0.003470865,#N/A,0
2021/4/25,#N/A,#N/A,#N/A,#N/A,#N/A,#N/A,#N/A,#N/A,0.05113772991621031,#N/A,0
2021/4/26,0.6510978299347547,0.20876029677781016,0.6731206977444559,0.39572456332994665,0.5115870677722789,0.1782270924804541,0.8701745037853259,1.7888024657076285,0.18826361667382538,1.5700000524520874,0
2021/4/27,-0.433226998,-0.021563668,1.2118652474658598,0.788283523607336,-0.244036786,-0.021489589,-0.343456408,-0.453514322,-0.20054198,1.621999979019165,0
2021/4/28,-0.338097897,-0.028734617,3.447559075487905,0.3910591072933123,-0.929553389,-0.084553992,-0.278132307,-1.594526126,0.03799473090702765,1.6200000047683716,0
2021/4/29,0.359902660447875,0.637273931492266,1.1175359650148486,1.7807447893437578,-0.084651898,0.6762806734045723,0.22432185139893424,1.9097217048208215,0.015371678897812066,1.6399999856948853,0
2021/4/30,-0.655472904,-0.657030244,-2.526136182,-0.874805701,-1.36268819,-0.71947067,-0.851196118,5.678591512439679,0.029464844424246364,1.63100004196167,0
2021/5/1,#N/A,#N/A,#N/A,#N/A,#N/A,#N/A,#N/A,#N/A,0.013083065719752082,#N/A,0
2021/5/2,#N/A,#N/A,#N/A,#N/A,#N/A,#N/A,#N/A,#N/A,0.22208545215586312,#N/A,0
2021/5/3,-0.532549746,0.21565792956965701,2.753591686971002,0.4964054389592576,-0.279195204,0.2748090747253684,-0.483858198,-1.612042636,0.02198158261931886,1.6069999933242798,0
2021/5/4,-1.799598096,-0.616947559,0.059095930510078,0.7958617965940773,-1.794549283,-0.667833761,-1.882820119,6.389951449590203,0.018460421461190497,1.5920000076293945,0
2021/5/5,-0.336205008,0.03130699578068885,3.2296311357712826,0.8167517611897823,-0.241215747,0.07034637617677753,-0.374665919,-1.694044823,0.0803384759184355,1.5839999914169312,0
2021/5/6,0.7537349111981007,0.7985510946892038,0.5150791890482509,1.4852915583755344,1.0038469019048701,0.8165456466051824,0.3712145712252424,-3.968669682,0.16118955569336524,1.5609999895095825,0
2021/5/7,0.8114509383394086,0.7277975742386422,1.7840174446565937,0.5322180752016736,0.8559716665273998,0.7373341616968343,0.8758291888812941,-9.244148516,0.055080105848815016,1.5770000219345093,0
2021/5/8,#N/A,#N/A,#N/A,#N/A,#N/A,#N/A,#N/A,#N/A,0.014470802241510705,#N/A,0
2021/5/9,#N/A,#N/A,#N/A,#N/A,#N/A,#N/A,#N/A,#N/A,0.04459494957835444,#N/A,0
2021/5/10,-2.525430799,-0.990242619,0.03727885886377624,-0.079450613,-2.524640117,-1.043564732,-2.547802226,17.79508219483823,0.09996437203385496,1.6019999980926514,0
2021/5/11,-0.138164555,-0.892459515,-2.572228528,-1.774823447,-0.302529212,-0.86739128,-0.092753273,11.088506216152073,0.09643760639496135,1.6239999532699585,0
2021/5/12,-2.588297948,-2.1245207,0.4782832250798785,-1.024800485,-2.812517687,-2.144940066,-2.67188378,26.327838643896094,0.014653259795202767,1.6950000524520874,0
2021/5/13,0.7731337096000823,1.2012351021385426,-1.218564374,1.6076317412655472,1.3251086901881814,1.2173141406923493,0.7160285482193274,-16.16528078,-0.010164118,1.6679999828338623,0
2021/5/14,2.207694059317866,1.5355375515772263,3.103310552866745,1.5821849067861216,2.202170902227807,1.4917956876899785,2.3237368480184983,-18.67704216,-0.044084763,1.6349999904632568,0
2021/5/15,#N/A,#N/A,#N/A,#N/A,#N/A,#N/A,#N/A,#N/A,0.014741769161877336,#N/A,0
2021/5/16,#N/A,#N/A,#N/A,#N/A,#N/A,#N/A,#N/A,#N/A,0.039230933095323064,#N/A,0
2021/5/17,-0.606643475,-0.254455739,2.318188331179094,0.18481994636632137,-0.735388987,-0.253005219,-0.37923111,4.837851532424375,0.05477815513592692,1.6399999856948853,0
2021/5/18,-0.675068101,-0.861583518,-2.320472429,-1.396608096,-0.800113774,-0.851729296,-0.563643587,8.215014683780053,0.028019530932620672,1.6419999599456787,0
2021/5/19,0.11482612860798103,-0.262153734,-2.487855749,-0.614632416,0.3509848917150338,-0.294341146,-0.029310882,3.93627060253805,0.09394934829911915,1.6829999685287476,0
2021/5/20,1.9343448012909326,1.0757897336100442,-0.153456915,0.05378542076879267,1.9126107951205507,1.0554741756143349,1.7744707478573485,-6.807936015,0.045091108300608605,1.6339999437332153,0
2021/5/21,-0.553485652,-0.081868107,0.21132119745401745,0.994352713150648,-0.547652375,-0.078388068,-0.478363199,-2.515725476,0.06970079776922818,1.6319999694824219,0
2021/5/22,#N/A,#N/A,#N/A,#N/A,#N/A,#N/A,#N/A,#N/A,0.04207492855861769,#N/A,0
2021/5/23,#N/A,#N/A,#N/A,#N/A,#N/A,#N/A,#N/A,#N/A,0.09142612154140166,#N/A,0
2021/5/24,1.68193985698728,1.0194317411444276,0.9969386328227969,0.4789799669747685,1.7769219891063281,0.9911292190138532,1.4117721428874797,-8.684863688,0.13847073618453104,1.6080000400543213,0
2021/5/25,0.13832956268817753,-0.221887711,-2.031143378,-1.006356064,0.028856516816366806,-0.212528378,-0.029280069,2.3913072998898333,0.006796855792545832,1.5640000104904175,0
2021/5/26,0.34838225288003066,0.198462737758498,0.8913148674736249,0.29428339001005277,-0.007229071,0.18768165702687245,0.5918508635931463,-7.855623834,0.04709539590116913,1.5740000009536743,0
2021/5/27,-0.374117209,0.05249936883169326,0.07683381955772006,1.1469476421505975,-0.526534595,0.11653145418315525,-0.012518027,-3.57143328,#N/A,1.6100000143051147,0
2021/5/28,0.31539463193586137,0.17885432451996142,0.1918905050525499,0.18462500113081148,0.35530372472762917,0.07688818911402162,0.09070840642058098,0.11947704920629576,0.06783534608631459,1.5809999704360962,0
2021/5/29,#N/A,#N/A,#N/A,#N/A,#N/A,#N/A,#N/A,#N/A,-0.026925664,#N/A,0
2021/5/30,#N/A,#N/A,#N/A,#N/A,#N/A,#N/A,#N/A,#N/A,0.06450836279797635,#N/A,0
2021/5/31,#N/A,#N/A,#N/A,#N/A,#N/A,#N/A,#N/A,#N/A,0.16755692424019303,#N/A,0
2021/6/1,-0.332379871,-0.088056005,3.849838605835676,0.6054210874101962,-0.491327919,-0.049233352,-0.089170102,6.8019055732703615,-0.006344609,1.6150000095367432,0
2021/6/2,0.19530633828737098,0.1572498874922612,1.862768355122113,0.1569971267591841,0.68981126505121,0.14469348384307246,0.14450287626555092,-2.346369191,0.1300572777235743,1.590999960899353,0
2021/6/3,-1.04059984,-0.37113701,0.2716076348612928,0.23507854034310327,-0.930271085,-0.362870334,-1.030945839,3.203669267484277,0.09779379906428458,1.625,0
2021/6/4,1.6970032018320813,0.9145864529809034,0.6680928535290231,0.2606141792590444,1.9216850986452538,0.8834095710505974,1.4688774858050868,-8.980048542,0.0018323542451170738,1.559999942779541,0
2021/6/5,#N/A,#N/A,#N/A,#N/A,#N/A,#N/A,#N/A,#N/A,0.11667241078447432,#N/A,0
2021/6/6,#N/A,#N/A,#N/A,#N/A,#N/A,#N/A,#N/A,#N/A,0.02864130944865971,#N/A,0
2021/6/7,0.297967923939213,-0.09701104,-0.430501404,-0.649831252,-0.02141883,-0.07967387,0.4866592327830599,0,0.03436564393754278,1.569000005722046,0
2021/6/8,0.04754251787439934,0.021306853941172044,0.8647334120854167,-0.261690372,0.007137392902567541,0.01750248645058239,0.31113169361038917,3.9585847473210256,0.018138824178990383,1.527999997138977,0
2021/6/9,0.023746043717953746,-0.149200103,-0.625122348,-0.944347175,0.07142503108477083,-0.182386732,-0.094508016,4.8037475658119,0.022792626085479988,1.4889999628067017,0
2021/6/10,1.0420173649150932,0.46484452846382585,-0.125822044,-1.165254959,0.7352032773437323,0.46522430122621916,0.7804918728772536,-10.00558451,0.010719499045033111,1.4589999914169312,0
2021/6/11,0.26149963489578987,0.16523798245891008,-0.341884835,0.6430892093683971,0.5951552062785082,0.19484346695590737,0.3501332955533787,-2.795035728,#N/A,1.4620000123977661,0
2021/6/12,#N/A,#N/A,#N/A,#N/A,#N/A,#N/A,#N/A,#N/A,0.010152164458734875,#N/A,0
2021/6/13,#N/A,#N/A,#N/A,#N/A,#N/A,#N/A,#N/A,#N/A,0.10662528017167094,#N/A,0
2021/6/14,0.9582787082509592,0.22391359890840956,-0.433369586,-1.03835337,1.014337491984052,0.18152018730952513,0.7443073498693664,4.728433157544432,0.014956171367743624,1.5010000467300415,0
2021/6/15,-0.65308877,-0.183417215,1.9042603571319372,0.18833929067216815,-0.613649665,-0.201169378,-0.714535763,3.84381385952417,0.03636240249970705,1.4989999532699585,0
2021/6/16,-0.365221385,-0.558341899,-0.533926472,-0.107426404,-0.540215974,-0.539012461,-0.235777683,6.639242834163106,0.02311728796299352,1.569000005722046,0
2021/6/17,1.2697509121162964,-0.033160455,-3.399533511,-2.956985972,1.1568607754546933,-0.043571559,0.8666146563395483,-2.203854694,0.019708798702684403,1.5110000371932983,0
2021/6/18,-0.784718547,-1.349046294,-2.96351834,-2.409970165,-0.913532861,-1.312446878,-0.9248393,16.619722608109598,0.05779525481087197,1.4500000476837158,0
2021/6/19,#N/A,#N/A,#N/A,#N/A,#N/A,#N/A,#N/A,#N/A,0.004054569975153299,#N/A,0
2021/6/20,#N/A,#N/A,#N/A,#N/A,#N/A,#N/A,#N/A,#N/A,0.02539089650301144,#N/A,0
2021/6/21,0.6214854361068944,1.4315878701843143,4.26148889337139,2.3339268450447648,1.0716961240893719,1.4002289962720793,0.7918572901479237,-13.57488536,0.03189733254924147,1.4839999675750732,0
2021/6/22,0.9321625398662325,0.5346337236487475,0.6657972041218763,0.16709411541218078,0.9068655540316328,0.5124491902218642,0.790504662839453,-6.875347033,0.014310583924806709,1.472000002861023,0
2021/6/23,0.04891624957938934,-0.12052352,0.27558804902951817,0.1945670501463992,-0.110588577,-0.108328334,0.12952072125995695,-2.040817261,0.07390373282118452,1.4869999885559082,0
2021/6/24,0.6183035590064057,0.5915703410369844,0.8611194937539812,1.2486575774146802,0.6297864032965617,0.5811249724885448,0.6865284655006576,-2.144604377,-0.011151964,1.4869999885559082,0
2021/6/25,-0.122929358,0.3552034097594081,0.5267832808948825,1.2057907295487613,-0.11689899,0.33305973193167304,-0.064860825,-2.191611619,0.02653358594474398,1.5360000133514404,0
2021/6/26,#N/A,#N/A,#N/A,#N/A,#N/A,#N/A,#N/A,#N/A,0.07085311022741128,#N/A,0
2021/6/27,#N/A,#N/A,#N/A,#N/A,#N/A,#N/A,#N/A,#N/A,0.049856920789167175,#N/A,0
2021/6/28,1.2161673325348232,0.2016024349715373,-3.379100287,-0.731105991,1.0466388002781102,0.23149642620619026,0.9757403567579814,0.8962890163154658,0.026915722483755934,1.4780000448226929,0
2021/6/29,0.361857951648914,0.05380067929741106,-0.486255225,-0.354613942,0.7291254059095253,0.027733619326086867,0.19185747914842732,1.649747621230091,0.03902717222747702,1.4800000190734863,0
2021/6/30,-0.15773216,0.08414783448238428,1.2403633504668,0.437999429199909,-0.108248831,0.1328159646746485,-0.167809257,-1.186020778,0.06693403304506791,1.4429999589920044,0
2021/7/1,0.03950634505718309,0.553674343372279,1.7449623399805825,0.790402264551493,0.16931410979634798,0.522162685427574,0.12706667667650162,-2.210994208,0.09907099038126421,1.4800000190734863,0
2021/7/2,1.1478548937887467,0.7643559600895689,-0.218962589,-0.108172883,1.3183498296075902,0.7500081663913916,0.8053101231080717,-2.648577904,0.06846188927441088,1.430999994277954,0
2021/7/3,#N/A,#N/A,#N/A,#N/A,#N/A,#N/A,#N/A,#N/A,0.017030483580128757,#N/A,0
2021/7/4,#N/A,#N/A,#N/A,#N/A,#N/A,#N/A,#N/A,#N/A,0.06147918632314426,#N/A,0
2021/7/5,#N/A,#N/A,#N/A,#N/A,#N/A,#N/A,#N/A,#N/A,0.10375003405802558,#N/A,0
2021/7/6,0.43219260965345896,-0.182154553,-3.254709078,-1.570106228,0.3803476862680233,-0.202185606,0.16605657624200187,9.090914843906228,-0.072016149,1.3700000047683716,0
2021/7/7,0.21099381048426125,0.3534136963101009,-1.625389476,0.13752736031484858,0.5451238193560526,0.3358975310182588,0.009683284021178018,-1.459852575,0.0382725985702483,1.3209999799728394,0
2021/7/8,-0.603950719,-0.814811717,-0.576370351,-2.004931807,-0.945448277,-0.856102493,-0.717892051,17.283945093793275,0.08458125769866436,1.2879999876022339,0
2021/7/9,0.6243593497997413,1.0674959322544364,2.1255840161132467,2.886750707040675,0.9210935164191358,1.1277947808795874,0.9762485818334499,-14.84210366,0.028992362207399827,1.3559999465942383,0
2021/7/10,#N/A,#N/A,#N/A,#N/A,#N/A,#N/A,#N/A,#N/A,#N/A,#N/A,0
2021/7/11,#N/A,#N/A,#N/A,#N/A,#N/A,#N/A,#N/A,#N/A,0.11124695742515948,#N/A,0
2021/7/12,0.3905862615486644,0.35817438386811506,-0.151363962,0.980638758738861,0.07939252409745468,0.34511743312370946,0.21303552642399914,-0.061806111,0.06984295167094601,1.3630000352859497,0
2021/7/13,0,-0.340899209,-0.758000205,-1.07901492,0.40971534156335476,-0.351681266,-0.377309016,5.875081994168974,0.05094647786029102,1.4149999618530273,0
2021/7/14,0.17931944905926755,0.14925467732704867,-2.978787464,-0.463593459,0.737112217034408,0.11649345752446916,-0.222789033,-4.614491103,0.12052927337951402,1.3559999465942383,0
2021/7/15,-0.702341819,-0.341555519,-1.397379042,0.3287862491520466,-0.823219373,-0.326224085,-0.695258851,4.164117013795154,#N/A,1.2970000505447388,0
2021/7/16,-0.809930731,-0.784369787,-2.83433875,-1.365386634,-0.988096183,-0.753885421,-0.796868689,8.465611491366086,0.1302851763102703,1.2999999523162842,0
2021/7/17,#N/A,#N/A,#N/A,#N/A,#N/A,#N/A,#N/A,#N/A,0.07826666337009178,#N/A,0
2021/7/18,#N/A,#N/A,#N/A,#N/A,#N/A,#N/A,#N/A,#N/A,0.0520253920479427,#N/A,0
2021/7/19,-0.819346028,-1.476790454,-3.533279092,-2.796233969,-1.3772642,-1.586951243,-1.055363071,21.951214469301195,0.019379873770666446,1.180999994277954,0
2021/7/20,1.161638634325901,1.4330400777583074,1.341584861520717,2.477914082851096,1.484156239308243,1.5162609437855634,1.568474398635078,-12.31111315,0.10991740456899146,1.2089999914169312,0
2021/7/21,0.7720432058849536,0.8096206885406465,3.488109027935149,1.7231894295280714,0.9639245824521359,0.8241819990835397,0.9177971924420714,-9.224529838,0.08597047014562617,1.2799999713897705,0
2021/7/22,0.6610139466526999,0.20941377219678703,-1.116740987,-1.092915245,0.7374138159430332,0.20166699583279435,0.3598249950260701,-1.228360219,#N/A,1.2649999856948853,0
2021/7/23,1.1677564337365887,1.0287948739913677,-0.36959288,0.16575552257149795,0.9934654532135712,1.0145452020822843,1.0377581211183262,-2.769925135,0.03334863821345242,1.2860000133514404,0
2021/7/24,#N/A,#N/A,#N/A,#N/A,#N/A,#N/A,#N/A,#N/A,0.20186947769697638,#N/A,0
2021/7/25,#N/A,#N/A,#N/A,#N/A,#N/A,#N/A,#N/A,#N/A,0.10040178394171596,#N/A,0
2021/7/26,0.07875351413184628,0.24549302519749627,2.473176928165821,0.5791450349685867,-0.051757256,0.23821998626283314,0.025070627558165803,2.209297348319761,0.02965560991612299,1.2760000228881836,0
2021/7/27,-1.101791702,-0.455761003,-0.925174748,-0.027426972,-0.945364157,-0.471244481,-1.213755159,10.125146156828112,0.02372393424842076,1.2339999675750732,0
2021/7/28,0.3841457628082523,-0.041022896,0.9135180940458953,-0.137116698,-0.124196845,-0.018626188,0.6957432752077386,-5.423559459,0.13430446644962274,1.2610000371932983,0
2021/7/29,0.17771627799709755,0.41475733155420524,0.9655942839841059,1.0985849656313107,0.4647060069164599,0.42061529800074826,0.10621237898131852,-3.331505848,0.09849207506372734,1.2690000534057617,0
2021/7/30,-0.521190516,-0.485627088,-1.593929981,-0.787792438,-0.065157158,-0.540604805,-0.714428355,3.050841722613762,0.0231866181383797,1.2389999628067017,0
2021/7/31,#N/A,#N/A,#N/A,#N/A,#N/A,#N/A,#N/A,#N/A,0.18417935874837416,#N/A,0
2021/8/1,#N/A,#N/A,#N/A,#N/A,#N/A,#N/A,#N/A,#N/A,0.10719214986383697,#N/A,0
2021/8/2,0.008227738317168054,-0.20981401,-0.749145878,0.027344857752154006,-0.358557069,-0.184280561,0.05718536203818125,6.68859281065497,0.0013312393836934291,1.1740000247955322,0
2021/8/3,0.6061400930728045,0.8135392581807954,1.7135997820209914,1.1223582261635556,0.6411694318841032,0.82034265474622,0.5464160640535676,-7.297010461,0.03425880808714368,1.1759999990463257,0
2021/8/4,0.14448892192033824,-0.491895219,-2.707601246,-0.839187113,0.2015151052606745,-0.46323879,0.13034249936207942,-0.388035469,-0.029268728,1.184000015258789,0
2021/8/5,0.6342986754918511,0.6332876395266807,1.1337944635916752,1.3104221106565506,0.5514446649901528,0.6005446813494242,0.7752755931627942,-3.839725393,0.007645895874074685,1.2170000076293945,0
2021/8/6,-0.438235827,0.16524291595212404,0.9172599950303839,2.020998877119329,-0.08385556,0.1675266241764728,-0.398522141,-6.539357773,0.05967575235511539,1.2899999618530273,0
2021/8/7,#N/A,#N/A,#N/A,#N/A,#N/A,#N/A,#N/A,#N/A,0.03021902669878364,#N/A,0
2021/8/8,#N/A,#N/A,#N/A,#N/A,#N/A,#N/A,#N/A,#N/A,0.10907542754273647,#N/A,0
2021/8/9,0.18476879899771426,-0.081342502,-1.413868164,0.2641249018650704,-0.322894265,-0.093990827,0.164601761290184,3.5294099584386895,0.03180580889915313,1.3170000314712524,0
2021/8/10,-0.512592608,0.12438573154580634,1.761929732564238,1.0537271957480998,-0.71910523,0.09926793341701323,-0.485120942,0.4186698866484928,0.04043110140410881,1.3420000076293945,0
2021/8/11,-0.171704845,0.24849141864842217,0.7851887052278572,1.1470527573220535,0.013067041712977456,0.12757437876824707,-0.155193778,-3.692679008,0.00018827852639152765,1.3289999961853027,0
2021/8/12,0.3604162302027092,0.2997060810075114,-0.099876043,0.18041762659977145,0.5741471564503664,0.4146380281677686,0.3462216978957544,-3.586888812,-0.00552207,1.3669999837875366,0
2021/8/13,0.35096891403632036,0.18197215669497613,-1.179788921,-0.746072945,0.5449185948758206,0.1607306655808216,0.04481984728295085,-0.898013739,-0.015624862,1.2970000505447388,0
2021/8/14,#N/A,#N/A,#N/A,#N/A,#N/A,#N/A,#N/A,#N/A,0.09211952837149372,#N/A,0
2021/8/15,#N/A,#N/A,#N/A,#N/A,#N/A,#N/A,#N/A,#N/A,0.10416792704472755,#N/A,0
2021/8/16,0.04341512698120553,0.23546242518019955,-1.841351724,-0.259216717,0.4516343930007549,0.2620850702215849,-0.196591924,4.336576299285588,0.020565479687863916,1.2569999694824219,0
2021/8/17,-0.880809265,-0.655508062,-1.030718147,-0.70164593,-0.828571189,-0.706069881,-0.92998724,11.104211631442041,0.07660474060342039,1.2580000162124634,0
2021/8/18,-0.96246831,-1.094507235,-2.082877883,-1.230057371,-1.379530207,-1.074847075,-0.888836887,20.435510209906326,0.02042886188819893,1.2730000019073486,0
2021/8/19,0.4831705515610407,0.15482523921124258,-2.595180561,-0.741929236,0.9785273343092982,0.12566922329095842,0.10932108653904926,0.4636086364605774,-0.092743445,1.2419999837875366,0
2021/8/20,1.0358081928157237,0.7957148884519816,0.21837928687631347,0.6139969099807185,1.2877221243033032,0.8141567655737925,1.1887815511235633,-14.35164098,0.062095484872185,1.2599999904632568,0
2021/8/21,#N/A,#N/A,#N/A,#N/A,#N/A,#N/A,#N/A,#N/A,0.08697927509843517,#N/A,0
2021/8/22,#N/A,#N/A,#N/A,#N/A,#N/A,#N/A,#N/A,#N/A,-0.001220412,#N/A,0
2021/8/23,1.4956744790870946,0.8796597791553395,3.748083684283121,0.822509453570297,1.2906126325659795,0.8523790364248329,1.549408766183169,-7.596982155,0.06806823650240128,1.2549999952316284,0
2021/8/24,0.30544140309525236,0.15871771760003206,1.6592966731775016,0.6052394640537084,-0.114099253,0.14957363013194946,0.5163034136896005,0.40816149493430043,0.07396747096433237,1.2899999618530273,0
2021/8/25,0.11485769684971281,0.20984786513496,0.7644784850379782,1.177106873724032,-0.057114794,0.2220118224179668,0.14687643751494228,-2.497087195,0.010347938638152296,1.3420000076293945,0
2021/8/26,-0.635014992,-0.590331099,-1.51733919,-0.491233236,-0.628651689,-0.582491882,-0.638556528,12.209643390577263,-0.049160625,1.3420000076293945,0
2021/8/27,0.9720154981390783,0.8941001046821606,2.6650175265845233,1.3250492960738436,0.9649261556792688,0.8807632480425154,1.2290430225497584,-13.00425023,0.09420481549000964,1.312000036239624,0
2021/8/28,#N/A,#N/A,#N/A,#N/A,#N/A,#N/A,#N/A,#N/A,0.05004320760156844,#N/A,0
2021/8/29,#N/A,#N/A,#N/A,#N/A,#N/A,#N/A,#N/A,#N/A,0.053233643209713626,#N/A,0
2021/8/30,1.1222436439575434,0.4397729892970048,-1.176226217,-1.410270544,1.0759352615746343,0.4306570844779589,0.9014815323540093,-1.220249317,-0.0794013,1.284999966621399,0
2021/8/31,-0.081525609,-0.148171043,-0.677225041,-0.130062454,-0.525961584,-0.134911604,-0.043557331,1.791222968576589,0.010578012141661805,1.3040000200271606,0
2021/9/1,0.16580486419535134,0.053162806652107264,-1.466914667,-0.572907795,0.02514196609384456,0.03116886257619189,0.3285854843843916,-2.245139212,-0.000335403,1.3020000457763672,0
2021/9/2,-0.047297917,0.3076446902425145,2.537221353877128,0.3405069569001995,-0.106987117,0.2842638410522902,0.14239508624365182,1.8621925865588196,-0.027825385,1.2940000295639038,0
2021/9/3,0.3075778366393722,-0.024275696,-0.572598569,-0.626472916,0.39690164988468446,-0.033503113,0.21094165230068906,0,-0.029430421,1.3220000267028809,0
2021/9/4,#N/A,#N/A,#N/A,#N/A,#N/A,#N/A,#N/A,#N/A,0.019016051938884004,#N/A,0
2021/9/5,#N/A,#N/A,#N/A,#N/A,#N/A,#N/A,#N/A,#N/A,0.00031273899779114974,#N/A,0
2021/9/6,#N/A,#N/A,#N/A,#N/A,#N/A,#N/A,#N/A,#N/A,0.01918380593875554,#N/A,0
2021/9/7,0.14151741351322578,-0.357556517,-0.596468353,-0.604137381,0.0251123699710476,-0.339557441,0.07036504137616362,10.54234953274027,-0.010512509,1.3700000047683716,0
2021/9/8,-0.348065634,-0.121815169,-1.282850397,-0.237852009,-0.38267043,-0.131856674,-0.57036911,-0.992283965,0.10119679226494228,1.3339999914169312,0
2021/9/9,-0.344043372,-0.428008644,0.2096093663601195,0.29139153628381376,-0.377879359,-0.460560866,-0.25113203,4.677061221646239,0.06674699648461152,1.2990000247955322,0
2021/9/10,-0.758939254,-0.788467781,-0.041850629,-0.739556172,-0.986139558,-0.772257876,-0.870655751,11.43617879324481,0.0436135521602757,1.340999960899353,0
2021/9/11,#N/A,#N/A,#N/A,#N/A,#N/A,#N/A,#N/A,#N/A,0.05625546246321467,#N/A,0
2021/9/12,#N/A,#N/A,#N/A,#N/A,#N/A,#N/A,#N/A,#N/A,#N/A,#N/A,0
2021/9/13,-0.069058713,0.2559243263671851,2.866711675767042,1.1442001553064962,0.03190749673755988,0.22764876184568905,-0.065562917,-7.541765471,-0.06672891,1.3240000009536743,0
2021/9/14,-0.284296848,-0.539648311,-1.444236382,-1.341750236,-0.127639398,-0.574663851,-0.448975227,0.46462695580771207,-0.023119299,1.2769999504089355,0
2021/9/15,0.7434734593599446,0.8352542847201994,3.735805515766777,0.9600126349994076,0.8755170491859587,0.8473996979569742,0.8230648031459342,-6.577589103,0.18756464879836088,1.3040000200271606,0
2021/9/16,0.06877550132426968,-0.158505209,-1.134118461,-0.290544913,0.05700352876618631,-0.155114045,0.1344827868280607,2.80528173993837,0.0055205247390302595,1.3309999704360962,0
2021/9/17,-1.184221285,-0.974128392,-0.744605369,-0.45031964,-1.5575701,-0.911087245,-0.908647892,11.342958112931157,#N/A,1.3700000047683716,0
2021/9/18,#N/A,#N/A,#N/A,#N/A,#N/A,#N/A,#N/A,#N/A,#N/A,#N/A,0
2021/9/19,#N/A,#N/A,#N/A,#N/A,#N/A,#N/A,#N/A,#N/A,0.00010346932276250609,#N/A,0
2021/9/20,-2.066325442,-1.667388368,-3.053697617,-2.319769019,-1.821411597,-1.697731101,-2.194030844,23.54637070774368,0.03650493090813396,1.309000015258789,0
2021/9/21,0.12305193349175791,-0.094494231,0.2328407068659777,-0.136776758,0.03935571049300535,-0.081235852,0.22087957059100383,-5.250869398,-0.004620559,1.3240000009536743,0
2021/9/22,0.9340470367459774,0.9754870756891743,3.0834385513255125,1.6712104982649967,1.371045510009794,0.9519611195260236,1.0202436849988672,-14.32676389,0.15732183510496206,1.3359999656677246,0
2021/9/23,0.9226952318329706,1.2150042512103498,3.503372488581036,2.4521804083576626,1.3395356029016092,1.2134715784494876,1.0431106514105393,-10.73311734,0.32298273241153197,1.409999966621399,0
2021/9/24,0.09381670741559489,0.1647290033158777,0.7521965831517097,0.5260495797547726,0.07025287028579186,0.1461009046688222,-0.030161883,-4.723559852,0.1168659943355662,1.4600000381469727,0
2021/9/25,#N/A,#N/A,#N/A,#N/A,#N/A,#N/A,#N/A,#N/A,#N/A,#N/A,0
2021/9/26,#N/A,#N/A,#N/A,#N/A,#N/A,#N/A,#N/A,#N/A,0.05586740282758131,#N/A,0
2021/9/27,-0.798202024,-0.2860824,3.5559748254911927,1.3605440735084517,-0.969953541,-0.277638262,-0.516560456,5.6901421345455505,0.04567450823720684,1.4839999675750732,0
2021/9/28,-2.829748445,-2.015197352,0.34149472878095555,-1.652070428,-2.964113332,-2.036411056,-2.827594489,23.933900406917985,#N/A,1.534000039100647,0
2021/9/29,-0.163954765,0.16832194807827605,0,0.07878269625405387,-0.126165085,0.15691842194003325,-0.235375072,-2.967744233,0.010120403695050541,1.5410000085830688,0
2021/9/30,-0.367395267,-1.222235137,-1.51257534,-1.573585033,-0.718072946,-1.190971413,-0.440038682,2.570921708494045,-0.01339119,1.5290000438690186,0
2021/10/1,0.6201665576744952,1.1884124454985878,3.3595772431865623,1.652011723954172,1.5068131406596574,1.149147763018199,0.817520590596521,-8.815899144,0.007143612310841263,1.4789999723434448,0
2021/10/2,#N/A,#N/A,#N/A,#N/A,#N/A,#N/A,#N/A,#N/A,0.003539381387763673,#N/A,0
2021/10/3,#N/A,#N/A,#N/A,#N/A,#N/A,#N/A,#N/A,#N/A,0.030808536678036944,#N/A,0
2021/10/4,-2.098934146,-1.289598452,1.6344706651617358,-0.865006553,-2.31575622,-1.298589814,-2.136514944,8.815159570501251,0.03598381113009271,1.4809999465942383,0
2021/10/5,1.3498793997388292,1.0404896917433293,0.5847803331730628,1.956647409367429,1.4250952691420071,1.0524514660609219,1.251095042120598,-7.229964781,#N/A,1.5290000438690186,0
2021/10/6,0.6407938899757326,0.41560723763933716,-1.05377966,0.10371342156081376,0.6525832713167867,0.41027928541854664,0.4716702202846257,-1.408447173,0.013358341113410659,1.5240000486373901,0
2021/10/7,0.9175007806138114,0.8645715076593286,0.7712321608486228,0.5958969560264427,0.9130351213872512,0.8298280656405366,1.0488919967170274,-6.952376593,0.19415039328253555,1.5709999799728394,0
2021/10/8,-0.498667069,-0.182387663,3.079419959826679,0.4892913729134696,-0.373711983,-0.191372309,-0.508252988,-3.940636754,-0.035416235,1.6050000190734863,0
2021/10/9,#N/A,#N/A,#N/A,#N/A,#N/A,#N/A,#N/A,#N/A,0.21786008045144786,#N/A,0
2021/10/10,#N/A,#N/A,#N/A,#N/A,#N/A,#N/A,#N/A,#N/A,#N/A,#N/A,0
2021/10/11,-0.766982096,-0.72396278,-0.371217766,-0.999497718,-0.552791723,-0.686576385,-0.640211169,6.553007523916032,0.07449956643789335,1.6139999628067017,0
2021/10/12,-0.34877698,-0.246162775,0.08873419510679881,-0.310649884,-0.516149514,-0.241678056,-0.139997192,-0.749998093,5.1609623753279266e-05,1.5800000429153442,0
2021/10/13,0.8008103610700479,0.3597610212696667,-0.088655527,-0.571248695,0.6119556613720212,0.302251448379387,0.730819243666847,-6.095722764,-0.000754246,1.5490000247955322,0
2021/10/14,1.84166860306052,1.682065371649899,1.2242700312717458,1.6714649120570746,2.254382173408742,1.7063101945583359,1.7279458258460334,-9.549349987,0.09387998660647034,1.5190000534057617,0
2021/10/15,0.6300438395264729,0.7615834438746472,0.4908153008929883,1.4898427144911075,0.8017249488702749,0.7460210377712606,0.4986036147378581,-3.321478962,0.1083385253060728,1.5759999752044678,0
2021/10/16,#N/A,#N/A,#N/A,#N/A,#N/A,#N/A,#N/A,#N/A,0.24182142363123765,#N/A,0
2021/10/17,#N/A,#N/A,#N/A,#N/A,#N/A,#N/A,#N/A,#N/A,-0.040144,#N/A,0
2021/10/18,1.0055851758328904,0.2960639541776944,0.0697546543561689,0.02528954063758526,0.8466245885162094,0.337476955709759,0.8355164604418874,0.06135110030618396,0.06074857804092052,1.5839999914169312,0
2021/10/19,0.7567455498622699,0.7714711871315227,1.1330031993917355,0.9868626023419091,0.9921936583009217,0.7393339551406308,0.7141634497185745,-3.740034805,0.12442138316788665,1.6349999904632568,0
2021/10/20,-0.130487325,0.39277008215634623,0.8100764089148837,0.8017835996152245,-0.277076578,0.36640298040166996,-0.048979524,-1.337579877,0.23091282828291715,1.6360000371932983,0
2021/10/21,0.6106926718459249,0.2608246472536768,-1.846466375,-0.422560154,0.38520473228047525,0.2995871849622578,0.621759683814882,-3.098770493,0.10867303943845424,1.6759999990463257,0
2021/10/22,-0.840261409,-0.103613996,0.9405897949694264,1.397882783168014,-0.345980251,-0.107255363,-0.824805946,2.798135042568428,#N/A,1.6549999713897705,0
2021/10/23,#N/A,#N/A,#N/A,#N/A,#N/A,#N/A,#N/A,#N/A,#N/A,#N/A,0
2021/10/24,#N/A,#N/A,#N/A,#N/A,#N/A,#N/A,#N/A,#N/A,0.09039261848997172,#N/A,0
2021/10/25,1.023810428676386,0.536283833681539,1.4667944814457545,-0.123082114,0.3282476799723266,0.4748196569493546,0.9046252790430476,-1.231370903,-0.05641194,1.6349999904632568,0
2021/10/26,0.3148880443438751,0.0900113845365258,0.5782274482635019,0.07395624900854436,0.2831461082059672,0.18197952535197182,0.05910666206350168,4.855641615694517,0.22461602331326702,1.61899995803833,0
2021/10/27,0.2320878448504038,-0.443027061,-2.874552485,-1.650246141,-0.087845991,-0.505156807,0.0008524894004491301,6.25782245710913,0.0031539402192153274,1.5290000438690186,0
2021/10/28,1.1105248255207867,0.9648895557592851,0.7137982947905686,1.2271473836659164,1.0047764071950072,0.9829281576461124,1.3932955164567495,-2.65017001,0.2846591369892662,1.5679999589920044,0
2021/10/29,0.49190996811703247,0.2028969580188278,-0.656858154,-0.395843602,0.4289945284164931,0.1949334719149265,0.325408728496801,-1.633396531,0.0296582286805517,1.5570000410079956,0
2021/10/30,#N/A,#N/A,#N/A,#N/A,#N/A,#N/A,#N/A,#N/A,0.00683841664120835,#N/A,0
2021/10/31,#N/A,#N/A,#N/A,#N/A,#N/A,#N/A,#N/A,#N/A,0.00016974469633623812,#N/A,0
2021/11/1,0.3418818878747176,0.17204352322781613,1.7226105227241773,0.04967709385983454,-0.148563748,0.18000771431341267,0.62929295010552,0.9225068660444258,0.09213070836451982,1.5750000476837158,0
2021/11/2,0.4181183435219227,0.4042975754805278,-0.940799534,0.24825208471319637,0.8804023429958896,0.36803630854131963,0.3441905816963686,-2.31565609,0.1355484887316507,1.5490000247955322,0
2021/11/3,1.0615796327374527,0.6105269939931768,-0.828873542,0.3714710252600284,0.5838554036688759,0.6461279195357994,1.0350454503191608,-5.801623614,0.10030059315064085,1.5789999961853027,0
2021/11/4,1.2818375825736084,0.47123296122904,0.13929645596544304,-1.307653342,1.5642279774956247,0.4181942361150437,0.8141469198615692,2.2516502670477445,0.1884593063074874,1.5240000486373901,0
2021/11/5,0.0954572092624506,0.34698158642711974,1.304127120860188,0.049989864319588406,0.5173750913289421,0.3732799652949259,0.19623378893316445,6.735751231330078,0.01875472504128197,1.4529999494552612,0
2021/11/6,#N/A,#N/A,#N/A,#N/A,#N/A,#N/A,#N/A,#N/A,0.07441739654843961,#N/A,0
2021/11/7,#N/A,#N/A,#N/A,#N/A,#N/A,#N/A,#N/A,#N/A,#N/A,#N/A,0
2021/11/8,-0.135501005,0.08536633008240369,0.9097121589162649,0.5497250817963817,0.5386690003609917,0.08877879113036169,0.06743541449454327,4.490289998016261,-0.056798944,1.496999979019165,0
2021/11/9,-0.68833259,-0.33052859,0.4082149168995963,-0.546719627,-0.410797383,-0.34987759,-0.599537931,3.2520406249768152,0.01583611680358956,1.4320000410079956,0
2021/11/10,-1.469690053,-0.80448226,-2.642693504,-0.174922647,-1.649798857,-0.82258234,-1.660714526,5.343075471894454,1.4268074058539533e-06,1.559999942779541,0
2021/11/11,0.2772623944607089,0.03234363601689605,0.38278732063743437,0.27535431845497893,0.46800102992243797,0.05509400447352153,0.5221265241686979,-5.712758788,-0.064623252,1.559999942779541,0
2021/11/12,1.052261277731703,0.7546892250959836,-0.242658968,0.22467309316775985,1.2159414882104036,0.7222656026415475,0.9976877944862572,-7.757638413,-0.000976214,1.5820000171661377,0
2021/11/13,#N/A,#N/A,#N/A,#N/A,#N/A,#N/A,#N/A,#N/A,0.1809018924316683,#N/A,0
2021/11/14,#N/A,#N/A,#N/A,#N/A,#N/A,#N/A,#N/A,#N/A,0.04208542288743955,#N/A,0
2021/11/15,-0.022813233,0.0342481959432428,0.8340359367000172,0,-0.101590209,-0.001073982,-0.044829264,1.2277399898743102,0.03286847919420617,1.6230000257492065,0
2021/11/16,0.7121043839294128,0.3957766119928374,0.15510869655748216,-0.099626381,1.05301242544531,0.3865229864862485,0.7569817119782218,-0.727707299,0.07311905077751543,1.6339999437332153,0
2021/11/17,0.05283779354394724,-0.242931456,-1.531325414,-1.146845941,-0.301957194,-0.260162537,-0.327347541,4.520462633970257,0.07001255632642116,1.6039999723434448,0
2021/11/18,1.036132393414002,0.33964445333976023,-0.594090165,-0.504444161,0.9976918471647167,0.33847802152713324,0.45309380307081426,2.805374197040811,0.06944147816003902,1.5889999866485596,0
2021/11/19,0.5575753210951273,-0.178825629,-3.902262672,-1.089966904,0.7291185750170737,-0.139866556,0.39847207999677003,1.819213712611245,-0.005043284,1.5360000133514404,0
2021/11/20,#N/A,#N/A,#N/A,#N/A,#N/A,#N/A,#N/A,#N/A,#N/A,#N/A,0
2021/11/21,#N/A,#N/A,#N/A,#N/A,#N/A,#N/A,#N/A,#N/A,8.689802660626355e-05,#N/A,0
2021/11/22,-1.160922663,-0.281521948,1.774282031426977,1.409533426219256,-1.114965779,-0.319713656,-1.262222737,7.035177217290145,0.031825982456522135,1.625,0
2021/11/23,-0.455810544,0.13260009870237344,3.0733216225311555,1.5668331723957651,-0.230216589,0.1657132912945114,-0.502184318,1.0954568786483598,-0.002973675,1.6670000553131104,0
2021/11/24,0.3220462108387556,0.2669951386708336,0.9764655033857705,-0.22394638,0.7277637834106176,0.22938506357221833,0.4443118848677985,-4.127963218,0.0749564354596352,1.6449999809265137,0
2021/11/25,#N/A,#N/A,#N/A,#N/A,#N/A,#N/A,#N/A,#N/A,0.06672485436951885,#N/A,0
2021/11/26,-1.895885676,-2.23032763,-4.023476814,-3.316688364,-2.496457741,-2.272482264,-2.231398989,54.0366036423789,-0.000557087,1.4819999933242798,0
2021/11/27,#N/A,#N/A,#N/A,#N/A,#N/A,#N/A,#N/A,#N/A,0.08313126889192606,#N/A,0
2021/11/28,#N/A,#N/A,#N/A,#N/A,#N/A,#N/A,#N/A,#N/A,0.034240637427832614,#N/A,0
2021/11/29,2.17024511395576,1.2266667745020277,0.5757474258141215,0.3095071891707768,2.500133416894035,1.3200199537034996,1.8795269127920289,-19.77638571,0.0677876711407217,1.5299999713897705,0
2021/11/30,-1.468645402,-1.945761186,-2.343481738,-2.391349832,-0.834607545,-1.896131033,-1.553204636,18.42335199588756,0.1428595290991126,1.4429999589920044,0
2021/12/1,-1.701270033,-1.110724775,-1.062458266,-1.106427701,-1.369117695,-1.181518742,-1.825500555,14.453844163236207,#N/A,1.434000015258789,0
2021/12/2,0.7206872567493194,1.5316272775341977,2.9068725037528553,2.983462383371349,0.9194073094506372,1.419443613158311,0.8343391390618793,-10.18637529,0.0518681129091192,1.4479999542236328,0
2021/12/3,-1.738857029,-0.870126179,-0.79167018,-1.62959148,-1.673194238,-0.844856373,-1.923440771,9.731660962818655,#N/A,1.343000054359436,0
2021/12/4,#N/A,#N/A,#N/A,#N/A,#N/A,#N/A,#N/A,#N/A,-0.049886617,#N/A,0
2021/12/5,#N/A,#N/A,#N/A,#N/A,#N/A,#N/A,#N/A,#N/A,0.09797306966294173,#N/A,0
2021/12/6,0.8013033610210663,1.184332592418258,1.4871366720088153,1.5251225663781787,0.9507357582377418,1.1730872577451423,0.9259285033501596,-11.37919714,0.0023134217601263884,1.434000015258789,0
2021/12/7,3.011400295930411,2.068475161307326,2.340961513265727,1.78711227718924,3.4913196439787075,2.0707080374404274,3.032939047579708,-19.46284347,0.051405528815392745,1.4800000190734863,0
2021/12/8,0.44740832255656393,0.26479811450075275,-0.017466353,-0.53435109,0.45791339914023066,0.30852853123166657,0.6379219948745574,-9.090908299,0.07611641017827853,1.5089999437332153,0
2021/12/9,-1.47142847,-0.675145544,-0.768427678,-0.204655901,-1.078985373,-0.718108017,-1.707862697,8.442212750654598,0.023897879076404675,1.4869999885559082,0
2021/12/10,1.0870506002950364,0.9413332259236018,0.7391764425948022,0.10254818269503918,2.006525084078481,0.9549073338481762,0.7296951180025157,-13.39202688,0.04973302324731621,1.4889999628067017,0
2021/12/11,#N/A,#N/A,#N/A,#N/A,#N/A,#N/A,#N/A,#N/A,0.0598169658358548,#N/A,0
2021/12/12,#N/A,#N/A,#N/A,#N/A,#N/A,#N/A,#N/A,#N/A,0.05783988268265622,#N/A,0
2021/12/13,-1.444692805,-0.885826772,-2.777768982,-1.075564695,-1.486740386,-0.913616761,-1.390345485,8.667730795045948,0.025155415065355433,1.4240000247955322,0
2021/12/14,-1.035024076,-0.688001175,-0.413296487,0.5954026668981705,-1.64266538,-0.747067758,-1.13954085,7.779418834331042,0.06015665302738526,1.437999963760376,1
2021/12/15,2.2797331875439975,1.5625094958301222,-0.487185974,0.2830569694102003,2.64974394879105,1.6348464630746795,2.1521734156584316,-11.87756303,0.09660251641240322,1.4630000591278076,0
2021/12/16,-2.571464446,-0.881840235,0.6346184753913908,1.257387863029935,-2.83431544,-0.874341538,-2.474372228,6.63555582450257,0.005131291803142597,1.4220000505447388,0
2021/12/17,-0.498911078,-1.064308111,-2.03602874,-2.204743564,-0.668587926,-1.028768064,-0.07081486,4.861448783840361,0.02785663239531893,1.4019999504089355,0
2021/12/18,#N/A,#N/A,#N/A,#N/A,#N/A,#N/A,#N/A,#N/A,0.2641064630930222,#N/A,0
2021/12/19,#N/A,#N/A,#N/A,#N/A,#N/A,#N/A,#N/A,#N/A,0.16787019311587886,#N/A,0
2021/12/20,-0.970035609,-1.063345432,-1.238942661,-1.942406039,-1.189391298,-1.138805785,-1.244187496,6.026894588789067,0.06477862606171536,1.4190000295639038,0
2021/12/21,2.2380313516773054,1.7759177175178609,2.8485152510858702,2.0711448083466255,2.5306262408667513,1.7777934551572505,2.404050772065003,-8.1329276,0.07541070961700252,1.4869999885559082,0
2021/12/22,1.217856086216229,0.9998549737196605,0.6419662251188951,0.46825254262472527,1.3077276348366196,1.0180197220578835,1.1785329890441787,-11.32794404,0.012677250858662628,1.4570000171661377,0
2021/12/23,0.75393237112098,0.6222122222449444,0.054690655398093035,0.5178603691216255,0.558211677121867,0.6223699921661829,0.8470648337796538,-3.596350545,-0.008470759,1.4930000305175781,0
2021/12/24,#N/A,#N/A,#N/A,#N/A,#N/A,#N/A,#N/A,#N/A,-0.001825793,#N/A,0
2021/12/25,#N/A,#N/A,#N/A,#N/A,#N/A,#N/A,#N/A,#N/A,-0.007234951,#N/A,0
2021/12/26,#N/A,#N/A,#N/A,#N/A,#N/A,#N/A,#N/A,#N/A,0.026173512621288156,#N/A,0
2021/12/27,1.6526993516717159,1.4152228919475096,2.18577085097742,1.0304263181738715,2.1452659170932753,1.383893524747526,1.3919663740542099,-1.559013327,0.05461930219863129,1.4809999465942383,0
2021/12/28,-0.46346314,-0.08172747,-0.071291702,0.05096706380687266,-0.520811602,-0.101015485,-0.564164662,-0.791851738,0.042442086897167525,1.4809999465942383,0
2021/12/29,-0.014933247,0.1279005821893886,-0.642159062,-0.12740925,0.08536404657994989,0.14018951394270118,-0.098214898,-3.363740717,0.0930925081516088,1.5429999828338623,0
2021/12/30,-0.298841376,-0.276437818,-0.610422865,-0.178619018,-0.659561258,-0.298975559,-0.156411344,2.241882853465449,0.02861019961768074,1.5149999856948853,0
2021/12/31,-0.624464637,-0.252017135,0.2528947689806271,-0.178928332,-0.486484158,-0.262617991,-0.613597676,-0.634740974,#N/A,1.5119999647140503,0
